id,code,name
base.program_target_1,11008-M-001-55-000,-
base.program_target_2,11008-M-001-55-001,-
base.program_target_3,11008-M-001-55-002,-
base.program_target_4,11008-M-001-56-000,-
base.program_target_5,11008-M-001-56-003,-
base.program_target_6,11008-M-001-57-000,-
base.program_target_7,11008-M-001-57-004,-
base.program_target_8,11008-M-001-57-005,-
base.program_target_9,11008-M-001-58-000,-
base.program_target_10,11008-M-001-58-006,-
base.program_target_11,11008-M-001-58-007,-
base.program_target_12,11008-M-001-59-008,-
base.program_target_13,11008-M-001-59-009,-
base.program_target_14,11008-M-001-59-010,-
base.program_target_15,11008-M-002-55-001,-
base.program_target_16,11008-M-002-56-002,-
base.program_target_17,11008-M-002-57-003,-
base.program_target_18,11008-M-002-58-004,-
base.program_target_19,11008-M-002-59-005,-
base.program_target_20,11009-M-001-55-001,-
base.program_target_21,11009-M-001-55-002,-
base.program_target_22,11009-M-001-55-003,-
base.program_target_23,11009-M-001-55-004,-
base.program_target_24,11009-M-001-56-005,-
base.program_target_25,11009-M-001-56-006,-
base.program_target_26,11009-M-001-56-007,-
base.program_target_27,11009-M-001-56-008,-
base.program_target_28,11009-M-001-57-000,-
base.program_target_29,11009-M-001-58-000,-
base.program_target_30,11009-M-001-59-000,-
base.program_target_31,11009-M-002-55-000,-
base.program_target_32,11009-M-002-56-000,-
base.program_target_33,11009-M-002-57-000,-
base.program_target_34,11009-M-002-58-000,-
base.program_target_35,11009-M-002-59-000,-
base.program_target_36,11009-M-003-55-000,-
base.program_target_37,11009-M-003-56-000,-
base.program_target_38,11009-M-003-57-000,-
base.program_target_39,11009-M-003-58-000,-
base.program_target_40,11009-M-003-59-000,-
base.program_target_41,11010-M-001-55-001,-
base.program_target_42,11010-M-001-56-000,-
base.program_target_43,11010-M-001-57-000,-
base.program_target_44,11010-M-001-58-000,-
base.program_target_45,11010-M-001-59-002,-
base.program_target_46,11010-M-002-55-001,-
base.program_target_47,11010-M-002-55-002,-
base.program_target_48,11010-M-002-55-003,-
base.program_target_49,11010-M-002-55-004,-
base.program_target_50,11010-M-002-55-005,-
base.program_target_51,11010-M-002-56-000,-
base.program_target_52,11010-M-002-56-006,-
base.program_target_53,11010-M-002-56-007,-
base.program_target_54,11010-M-002-56-008,-
base.program_target_55,11010-M-002-56-009,-
base.program_target_56,11010-M-002-57-000,-
base.program_target_57,11010-M-002-57-010,-
base.program_target_58,11010-M-002-58-000,-
base.program_target_59,11010-M-002-58-011,-
base.program_target_60,11010-M-002-59-000,-
base.program_target_61,11010-M-002-59-012,-
base.program_target_62,11010-M-002-59-013,-
base.program_target_63,11010-M-003-55-001,-
base.program_target_64,11010-M-003-55-002,-
base.program_target_65,11010-M-003-55-003,-
base.program_target_66,11010-M-003-55-004,-
base.program_target_67,11010-M-003-55-005,-
base.program_target_68,11010-M-003-56-006,-
base.program_target_69,11010-M-003-56-007,-
base.program_target_70,11010-M-003-56-008,-
base.program_target_71,11010-M-003-56-009,-
base.program_target_72,11010-M-003-56-010,-
base.program_target_73,11010-M-003-57-000,-
base.program_target_74,11010-M-003-58-000,-
base.program_target_75,11010-M-003-59-000,-
base.program_target_76,11010-M-004-55-001,-
base.program_target_77,11010-M-004-55-002,-
base.program_target_78,11010-M-004-56-003,-
base.program_target_79,11010-M-004-56-004,-
base.program_target_80,11010-M-004-57-000,-
base.program_target_81,11010-M-004-58-000,-
base.program_target_82,11010-M-004-59-000,-
base.program_target_83,11011-M-001-55-001,-
base.program_target_84,11011-M-001-56-002,-
base.program_target_85,11011-M-001-57-003,-
base.program_target_86,11011-M-001-58-004,-
base.program_target_87,11011-M-001-59-005,-
base.program_target_88,11011-M-002-55-001,-
base.program_target_89,11011-M-002-56-002,-
base.program_target_90,11011-M-002-57-003,-
base.program_target_91,11011-M-002-58-004,-
base.program_target_92,11011-M-002-59-005,-
base.program_target_93,11011-M-003-55-001,-
base.program_target_94,11011-M-003-56-002,-
base.program_target_95,11011-M-003-57-003,-
base.program_target_96,11011-M-003-58-004,-
base.program_target_97,11011-M-003-59-005,-
base.program_target_98,11011-M-004-55-001,-
base.program_target_99,11011-M-004-56-002,-
base.program_target_100,11011-M-004-57-003,-
base.program_target_101,11011-M-004-58-004,-
base.program_target_102,11011-M-004-59-005,-
base.program_target_103,11012-M-001-55-001,-
base.program_target_104,11012-M-001-55-002,-
base.program_target_105,11012-M-001-55-003,-
base.program_target_106,11012-M-001-56-004,-
base.program_target_107,11012-M-001-56-005,-
base.program_target_108,11012-M-001-56-006,-
base.program_target_109,11012-M-001-57-000,-
base.program_target_110,11012-M-001-58-000,-
base.program_target_111,11012-M-001-59-000,-
base.program_target_112,11012-M-002-55-001,-
base.program_target_113,11012-M-002-55-002,-
base.program_target_114,11012-M-002-55-003,-
base.program_target_115,11012-M-002-56-004,-
base.program_target_116,11012-M-002-56-005,-
base.program_target_117,11012-M-002-56-006,-
base.program_target_118,11012-M-002-57-000,-
base.program_target_119,11012-M-002-58-000,-
base.program_target_120,11012-M-002-59-000,-
base.program_target_121,11013-M-001-55-001,-
base.program_target_122,11013-M-001-55-002,-
base.program_target_123,11013-M-001-55-003,-
base.program_target_124,11013-M-001-55-004,-
base.program_target_125,11013-M-001-55-005,-
base.program_target_126,11013-M-001-55-006,-
base.program_target_127,11013-M-001-55-007,-
base.program_target_128,11013-M-001-55-008,-
base.program_target_129,11013-M-001-55-009,-
base.program_target_130,11013-M-001-55-010,-
base.program_target_131,11013-M-001-55-011,-
base.program_target_132,11013-M-001-56-012,-
base.program_target_133,11013-M-001-56-013,-
base.program_target_134,11013-M-001-56-014,-
base.program_target_135,11013-M-001-56-015,-
base.program_target_136,11013-M-001-56-016,-
base.program_target_137,11013-M-001-56-017,-
base.program_target_138,11013-M-001-56-018,-
base.program_target_139,11013-M-001-56-019,-
base.program_target_140,11013-M-001-56-020,-
base.program_target_141,11013-M-001-56-021,-
base.program_target_142,11013-M-001-56-022,-
base.program_target_143,11013-M-001-57-000,-
base.program_target_144,11013-M-001-57-023,-
base.program_target_145,11013-M-001-57-024,-
base.program_target_146,11013-M-001-57-025,-
base.program_target_147,11013-M-001-57-026,-
base.program_target_148,11013-M-001-57-027,-
base.program_target_149,11013-M-001-57-028,-
base.program_target_150,11013-M-001-57-029,-
base.program_target_151,11013-M-001-57-030,-
base.program_target_152,11013-M-001-58-000,-
base.program_target_153,11013-M-001-58-031,-
base.program_target_154,11013-M-001-58-032,-
base.program_target_155,11013-M-001-58-033,-
base.program_target_156,11013-M-001-59-000,-
base.program_target_157,11013-M-001-59-034,-
base.program_target_158,11013-M-002-55-000,-
base.program_target_159,11013-M-002-55-001,-
base.program_target_160,11013-M-002-55-002,-
base.program_target_161,11013-M-002-55-003,-
base.program_target_162,11013-M-002-56-004,-
base.program_target_163,11013-M-002-56-005,-
base.program_target_164,11013-M-002-56-006,-
base.program_target_165,11013-M-002-56-007,-
base.program_target_166,11013-M-002-57-000,-
base.program_target_167,11013-M-002-57-008,-
base.program_target_168,11013-M-002-58-000,-
base.program_target_169,11013-M-002-58-009,-
base.program_target_170,11013-M-002-59-000,-
base.program_target_171,11013-M-002-59-010,-
base.program_target_172,11013-M-003-55-001,-
base.program_target_173,11013-M-003-55-002,-
base.program_target_174,11013-M-003-55-003,-
base.program_target_175,11013-M-003-55-004,-
base.program_target_176,11013-M-003-55-005,-
base.program_target_177,11013-M-003-56-006,-
base.program_target_178,11013-M-003-56-007,-
base.program_target_179,11013-M-003-56-008,-
base.program_target_180,11013-M-003-56-009,-
base.program_target_181,11013-M-003-56-010,-
base.program_target_182,11013-M-003-57-011,-
base.program_target_183,11013-M-003-57-012,-
base.program_target_184,11013-M-003-57-013,-
base.program_target_185,11013-M-003-57-014,-
base.program_target_186,11013-M-003-58-000,-
base.program_target_187,11013-M-003-58-015,-
base.program_target_188,11013-M-003-58-016,-
base.program_target_189,11013-M-003-59-000,-
base.program_target_190,11013-M-004-55-000,-
base.program_target_191,11013-M-004-56-001,-
base.program_target_192,11013-M-004-57-002,-
base.program_target_193,11013-M-004-58-000,-
base.program_target_194,11013-M-004-59-000,-
base.program_target_195,11014-M-001-55-001,-
base.program_target_196,11014-M-001-55-002,-
base.program_target_197,11014-M-001-55-003,-
base.program_target_198,11014-M-001-56-000,-
base.program_target_199,11014-M-001-56-004,-
base.program_target_200,11014-M-001-56-005,-
base.program_target_201,11014-M-001-57-000,-
base.program_target_202,11014-M-001-57-006,-
base.program_target_203,11014-M-001-58-000,-
base.program_target_204,11014-M-001-58-007,-
base.program_target_205,11014-M-001-58-008,-
base.program_target_206,11014-M-001-59-000,-
base.program_target_207,11014-M-001-59-009,-
base.program_target_208,11014-M-002-55-000,-
base.program_target_209,11014-M-002-55-001,-
base.program_target_210,11014-M-002-55-002,-
base.program_target_211,11014-M-002-55-003,-
base.program_target_212,11014-M-002-55-004,-
base.program_target_213,11014-M-002-55-005,-
base.program_target_214,11014-M-002-55-006,-
base.program_target_215,11014-M-002-56-000,-
base.program_target_216,11014-M-002-56-007,-
base.program_target_217,11014-M-002-56-008,-
base.program_target_218,11014-M-002-56-009,-
base.program_target_219,11014-M-002-56-010,-
base.program_target_220,11014-M-002-57-000,-
base.program_target_221,11014-M-002-57-011,-
base.program_target_222,11014-M-002-57-012,-
base.program_target_223,11014-M-002-58-000,-
base.program_target_224,11014-M-002-58-013,-
base.program_target_225,11014-M-002-58-014,-
base.program_target_226,11014-M-002-59-000,-
base.program_target_227,11014-M-002-59-015,-
base.program_target_228,11014-M-002-59-016,-
base.program_target_229,11014-M-003-55-000,-
base.program_target_230,11014-M-003-55-001,-
base.program_target_231,11014-M-003-56-002,-
base.program_target_232,11014-M-003-56-003,-
base.program_target_233,11014-M-003-56-004,-
base.program_target_234,11014-M-003-56-005,-
base.program_target_235,11014-M-003-56-006,-
base.program_target_236,11014-M-003-57-000,-
base.program_target_237,11014-M-003-57-007,-
base.program_target_238,11014-M-003-57-008,-
base.program_target_239,11014-M-003-57-009,-
base.program_target_240,11014-M-003-58-000,-
base.program_target_241,11014-M-003-58-010,-
base.program_target_242,11014-M-003-58-011,-
base.program_target_243,11014-M-003-59-000,-
base.program_target_244,11014-M-004-57-001,-
base.program_target_245,11014-M-004-57-002,-
base.program_target_246,11014-M-004-58-003,-
base.program_target_247,11014-M-004-58-004,-
base.program_target_248,11014-M-004-59-005,-
base.program_target_249,12006-M-001-55-001,-
base.program_target_250,12006-M-001-55-002,-
base.program_target_251,12006-M-001-56-003,-
base.program_target_252,12006-M-001-56-004,-
base.program_target_253,12006-M-001-57-000,-
base.program_target_254,12006-M-001-57-005,-
base.program_target_255,12006-M-001-58-000,-
base.program_target_256,12006-M-001-58-006,-
base.program_target_257,12006-M-001-59-000,-
base.program_target_258,12006-M-001-59-007,-
base.program_target_259,12006-M-002-55-001,-
base.program_target_260,12006-M-002-55-002,-
base.program_target_261,12006-M-002-56-003,-
base.program_target_262,12006-M-002-56-004,-
base.program_target_263,12006-M-002-57-005,-
base.program_target_264,12006-M-002-57-006,-
base.program_target_265,12006-M-002-58-000,-
base.program_target_266,12006-M-002-58-007,-
base.program_target_267,12006-M-002-59-000,-
base.program_target_268,12006-M-002-59-008,-
base.program_target_269,12006-M-003-55-001,-
base.program_target_270,12006-M-003-56-000,-
base.program_target_271,12006-M-003-57-000,-
base.program_target_272,12006-M-003-58-000,-
base.program_target_273,12006-M-003-59-002,-
base.program_target_274,12006-M-004-57-001,-
base.program_target_275,12007-M-001-55-001,-
base.program_target_276,12007-M-001-56-002,-
base.program_target_277,12007-M-001-57-000,-
base.program_target_278,12007-M-001-58-000,-
base.program_target_279,12007-M-001-59-000,-
base.program_target_280,12007-M-002-55-001,-
base.program_target_281,12007-M-002-56-002,-
base.program_target_282,12007-M-002-57-000,-
base.program_target_283,12007-M-002-58-000,-
base.program_target_284,12007-M-002-59-000,-
base.program_target_285,12007-M-003-55-001,-
base.program_target_286,12007-M-003-56-002,-
base.program_target_287,12007-M-003-57-000,-
base.program_target_288,12007-M-003-58-000,-
base.program_target_289,12007-M-003-59-000,-
base.program_target_290,12008-M-001-55-001,-
base.program_target_291,12008-M-001-55-002,-
base.program_target_292,12008-M-001-56-000,-
base.program_target_293,12008-M-001-56-003,-
base.program_target_294,12008-M-001-57-000,-
base.program_target_295,12008-M-001-57-004,-
base.program_target_296,12008-M-001-58-000,-
base.program_target_297,12008-M-001-59-000,-
base.program_target_298,12008-M-002-55-001,-
base.program_target_299,12008-M-002-55-002,-
base.program_target_300,12008-M-002-55-003,-
base.program_target_301,12008-M-002-55-004,-
base.program_target_302,12008-M-002-55-005,-
base.program_target_303,12008-M-002-56-000,-
base.program_target_304,12008-M-002-56-006,-
base.program_target_305,12008-M-002-56-007,-
base.program_target_306,12008-M-002-57-000,-
base.program_target_307,12008-M-002-58-000,-
base.program_target_308,12008-M-002-58-008,-
base.program_target_309,12008-M-002-58-009,-
base.program_target_310,12008-M-002-58-010,-
base.program_target_311,12008-M-002-59-000,-
base.program_target_312,12008-M-002-59-011,-
base.program_target_313,12008-M-003-55-001,-
base.program_target_314,12008-M-003-55-002,-
base.program_target_315,12008-M-003-55-003,-
base.program_target_316,12008-M-003-55-004,-
base.program_target_317,12008-M-003-55-005,-
base.program_target_318,12008-M-003-55-006,-
base.program_target_319,12008-M-003-55-007,-
base.program_target_320,12008-M-003-55-008,-
base.program_target_321,12008-M-003-56-000,-
base.program_target_322,12008-M-003-56-009,-
base.program_target_323,12008-M-003-56-010,-
base.program_target_324,12008-M-003-56-011,-
base.program_target_325,12008-M-003-56-012,-
base.program_target_326,12008-M-003-57-000,-
base.program_target_327,12008-M-003-57-013,-
base.program_target_328,12008-M-003-58-000,-
base.program_target_329,12008-M-003-58-014,-
base.program_target_330,12008-M-003-58-015,-
base.program_target_331,12008-M-003-59-000,-
base.program_target_332,12008-M-003-59-016,-
base.program_target_333,12009-M-001-55-001,-
base.program_target_334,12009-M-001-55-002,-
base.program_target_335,12009-M-001-56-003,-
base.program_target_336,12009-M-001-56-004,-
base.program_target_337,12009-M-001-57-000,-
base.program_target_338,12009-M-001-58-000,-
base.program_target_339,12009-M-001-59-000,-
base.program_target_340,12009-M-002-55-000,-
base.program_target_341,12009-M-002-55-001,-
base.program_target_342,12009-M-002-55-002,-
base.program_target_343,12009-M-002-56-000,-
base.program_target_344,12009-M-002-56-003,-
base.program_target_345,12009-M-002-57-000,-
base.program_target_346,12009-M-002-57-004,-
base.program_target_347,12009-M-002-58-000,-
base.program_target_348,12009-M-002-58-005,-
base.program_target_349,12009-M-002-58-006,-
base.program_target_350,12009-M-002-59-000,-
base.program_target_351,12009-M-002-59-007,-
base.program_target_352,12009-M-003-55-000,-
base.program_target_353,12009-M-003-55-001,-
base.program_target_354,12009-M-003-55-002,-
base.program_target_355,12009-M-003-56-000,-
base.program_target_356,12009-M-003-56-003,-
base.program_target_357,12009-M-003-56-004,-
base.program_target_358,12009-M-003-56-005,-
base.program_target_359,12009-M-003-56-006,-
base.program_target_360,12009-M-003-57-000,-
base.program_target_361,12009-M-003-57-007,-
base.program_target_362,12009-M-003-58-000,-
base.program_target_363,12009-M-003-58-008,-
base.program_target_364,12009-M-003-59-000,-
base.program_target_365,12009-M-004-55-000,-
base.program_target_366,12009-M-004-56-000,-
base.program_target_367,12009-M-004-56-001,-
base.program_target_368,12009-M-004-57-000,-
base.program_target_369,12009-M-004-57-002,-
base.program_target_370,12009-M-004-57-003,-
base.program_target_371,12009-M-004-58-000,-
base.program_target_372,12009-M-004-59-000,-
base.program_target_373,15005-M-001-55-001,-
base.program_target_374,15005-M-001-56-000,-
base.program_target_375,15005-M-001-57-002,-
base.program_target_376,15005-M-001-58-000,-
base.program_target_377,15005-M-001-59-000,-
base.program_target_378,15005-M-002-55-001,-
base.program_target_379,15005-M-002-56-002,-
base.program_target_380,15005-M-002-57-000,-
base.program_target_381,15005-M-002-58-000,-
base.program_target_382,15005-M-002-59-000,-
base.program_target_383,15005-M-003-55-001,-
base.program_target_384,15005-M-003-55-002,-
base.program_target_385,15005-M-003-55-003,-
base.program_target_386,15005-M-003-55-004,-
base.program_target_387,15005-M-003-56-005,-
base.program_target_388,15005-M-003-56-006,-
base.program_target_389,15005-M-003-56-007,-
base.program_target_390,15005-M-003-56-008,-
base.program_target_391,15005-M-003-57-000,-
base.program_target_392,15005-M-003-58-000,-
base.program_target_393,15005-M-003-59-000,-
base.program_target_394,15005-M-004-55-001,-
base.program_target_395,15005-M-004-56-002,-
base.program_target_396,15005-M-004-57-003,-
base.program_target_397,15005-M-004-58-004,-
base.program_target_398,15005-M-004-59-005,-
base.program_target_399,15005-M-005-55-000,-
base.program_target_400,15005-M-005-56-000,-
base.program_target_401,15005-M-005-57-001,-
base.program_target_402,15005-M-005-58-002,-
base.program_target_403,15005-M-005-59-003,-
base.program_target_404,15005-M-006-55-000,-
base.program_target_405,15005-M-006-56-001,-
base.program_target_406,15005-M-006-57-002,-
base.program_target_407,15005-M-006-58-003,-
base.program_target_408,15005-M-006-59-004,-
base.program_target_409,15005-M-007-55-000,-
base.program_target_410,15005-M-007-56-000,-
base.program_target_411,15005-M-007-57-001,-
base.program_target_412,15005-M-007-58-002,-
base.program_target_413,15005-M-007-59-003,-
base.program_target_414,15006-M-001-55-001,-
base.program_target_415,15006-M-001-56-002,-
base.program_target_416,15006-M-001-57-000,-
base.program_target_417,15006-M-001-58-000,-
base.program_target_418,15006-M-001-59-000,-
base.program_target_419,15006-M-002-55-001,-
base.program_target_420,15006-M-002-56-002,-
base.program_target_421,15006-M-002-57-000,-
base.program_target_422,15006-M-002-58-000,-
base.program_target_423,15006-M-002-59-000,-
base.program_target_424,15006-M-003-55-001,-
base.program_target_425,15006-M-003-56-002,-
base.program_target_426,15006-M-003-57-000,-
base.program_target_427,15006-M-003-58-000,-
base.program_target_428,15006-M-003-59-000,-
base.program_target_429,15006-M-004-55-001,-
base.program_target_430,15006-M-004-56-002,-
base.program_target_431,15006-M-004-57-000,-
base.program_target_432,15006-M-004-58-000,-
base.program_target_433,15006-M-004-59-000,-
base.program_target_434,15007-M-001-55-001,-
base.program_target_435,15007-M-001-56-002,-
base.program_target_436,15007-M-001-57-000,-
base.program_target_437,15007-M-001-58-003,-
base.program_target_438,15007-M-001-59-000,-
base.program_target_439,15007-M-002-55-000,-
base.program_target_440,15007-M-002-55-001,-
base.program_target_441,15007-M-002-55-002,-
base.program_target_442,15007-M-002-55-003,-
base.program_target_443,15007-M-002-56-000,-
base.program_target_444,15007-M-002-56-004,-
base.program_target_445,15007-M-002-56-005,-
base.program_target_446,15007-M-002-56-006,-
base.program_target_447,15007-M-002-56-007,-
base.program_target_448,15007-M-002-57-000,-
base.program_target_449,15007-M-002-57-008,-
base.program_target_450,15007-M-002-57-009,-
base.program_target_451,15007-M-002-57-010,-
base.program_target_452,15007-M-002-57-011,-
base.program_target_453,15007-M-002-57-012,-
base.program_target_454,15007-M-002-58-000,-
base.program_target_455,15007-M-002-59-000,-
base.program_target_456,15007-M-003-55-000,-
base.program_target_457,15007-M-003-56-001,-
base.program_target_458,15007-M-003-57-002,-
base.program_target_459,15007-M-003-58-003,-
base.program_target_460,15007-M-003-59-004,-
base.program_target_461,15007-M-004-55-000,-
base.program_target_462,15007-M-004-55-001,-
base.program_target_463,15007-M-004-56-000,-
base.program_target_464,15007-M-004-56-002,-
base.program_target_465,15007-M-004-57-003,-
base.program_target_466,15007-M-004-57-004,-
base.program_target_467,15007-M-004-57-005,-
base.program_target_468,15007-M-004-58-000,-
base.program_target_469,15007-M-004-59-000,-
base.program_target_470,15007-M-005-55-001,-
base.program_target_471,15007-M-005-56-002,-
base.program_target_472,15007-M-005-57-003,-
base.program_target_473,15007-M-005-58-004,-
base.program_target_474,15007-M-005-59-000,-
base.program_target_475,15007-M-006-55-001,-
base.program_target_476,15007-M-006-55-002,-
base.program_target_477,15007-M-006-55-003,-
base.program_target_478,15007-M-006-56-004,-
base.program_target_479,15007-M-006-56-005,-
base.program_target_480,15007-M-006-56-006,-
base.program_target_481,15007-M-006-57-000,-
base.program_target_482,15007-M-006-58-000,-
base.program_target_483,15007-M-006-59-000,-
base.program_target_484,15007-M-007-55-001,-
base.program_target_485,15007-M-007-56-000,-
base.program_target_486,15007-M-007-57-000,-
base.program_target_487,15007-M-007-58-000,-
base.program_target_488,15007-M-007-59-002,-
base.program_target_489,15007-M-008-57-001,-
base.program_target_490,15007-M-008-57-002,-
base.program_target_491,15007-M-008-57-003,-
base.program_target_492,15007-M-008-57-004,-
base.program_target_493,15007-M-008-57-005,-
base.program_target_494,15007-M-008-57-006,-
base.program_target_495,15007-M-008-57-007,-
base.program_target_496,15007-M-008-58-001,-
base.program_target_497,15007-M-008-58-002,-
base.program_target_498,15007-M-008-58-003,-
base.program_target_499,15007-M-008-58-004,-
base.program_target_500,15007-M-008-58-005,-
base.program_target_501,15007-M-008-59-001,-
base.program_target_502,15007-M-008-59-002,-
base.program_target_503,15007-M-008-59-003,-
base.program_target_504,15008-M-001-55-000,-
base.program_target_505,15008-M-001-56-001,-
base.program_target_506,15008-M-001-57-002,-
base.program_target_507,15008-M-001-58-003,-
base.program_target_508,15008-M-001-59-000,-
base.program_target_509,15008-M-002-55-000,-
base.program_target_510,15008-M-002-56-001,-
base.program_target_511,15008-M-002-57-002,-
base.program_target_512,15008-M-002-58-003,-
base.program_target_513,15008-M-002-59-004,-
base.program_target_514,15008-M-003-55-000,-
base.program_target_515,15008-M-003-56-001,-
base.program_target_516,15008-M-003-57-002,-
base.program_target_517,15008-M-003-58-003,-
base.program_target_518,15008-M-003-59-000,-
base.program_target_519,17004-M-001-55-000,-
base.program_target_520,17004-M-001-55-001,-
base.program_target_521,17004-M-001-55-002,-
base.program_target_522,17004-M-001-55-003,-
base.program_target_523,17004-M-001-55-004,-
base.program_target_524,17004-M-001-55-005,-
base.program_target_525,17004-M-001-55-006,-
base.program_target_526,17004-M-001-56-007,-
base.program_target_527,17004-M-001-56-008,-
base.program_target_528,17004-M-001-56-009,-
base.program_target_529,17004-M-001-56-010,-
base.program_target_530,17004-M-001-56-011,-
base.program_target_531,17004-M-001-56-012,-
base.program_target_532,17004-M-001-56-013,-
base.program_target_533,17004-M-001-56-014,-
base.program_target_534,17004-M-001-57-015,-
base.program_target_535,17004-M-001-57-016,-
base.program_target_536,17004-M-001-57-017,-
base.program_target_537,17004-M-001-57-018,-
base.program_target_538,17004-M-001-57-019,-
base.program_target_539,17004-M-001-57-020,-
base.program_target_540,17004-M-001-57-021,-
base.program_target_541,17004-M-001-57-022,-
base.program_target_542,17004-M-001-58-023,-
base.program_target_543,17004-M-001-58-024,-
base.program_target_544,17004-M-001-58-025,-
base.program_target_545,17004-M-001-58-026,-
base.program_target_546,17004-M-001-58-027,-
base.program_target_547,17004-M-001-58-028,-
base.program_target_548,17004-M-001-58-029,-
base.program_target_549,17004-M-001-58-030,-
base.program_target_550,17004-M-001-59-031,-
base.program_target_551,17004-M-001-59-032,-
base.program_target_552,17004-M-001-59-033,-
base.program_target_553,17004-M-001-59-034,-
base.program_target_554,17004-M-001-59-035,-
base.program_target_555,17004-M-001-59-036,-
base.program_target_556,17004-M-001-59-037,-
base.program_target_557,17004-M-001-59-038,-
base.program_target_558,17004-M-002-55-001,-
base.program_target_559,17004-M-002-56-002,-
base.program_target_560,17004-M-002-57-003,-
base.program_target_561,17004-M-002-58-004,-
base.program_target_562,17004-M-002-59-005,-
base.program_target_563,17005-M-001-55-001,-
base.program_target_564,17005-M-001-55-002,-
base.program_target_565,17005-M-001-55-003,-
base.program_target_566,17005-M-001-55-004,-
base.program_target_567,17005-M-001-56-005,-
base.program_target_568,17005-M-001-56-006,-
base.program_target_569,17005-M-001-56-007,-
base.program_target_570,17005-M-001-56-008,-
base.program_target_571,17005-M-001-57-009,-
base.program_target_572,17005-M-001-57-010,-
base.program_target_573,17005-M-001-57-011,-
base.program_target_574,17005-M-001-57-012,-
base.program_target_575,17005-M-001-58-000,-
base.program_target_576,17005-M-001-58-013,-
base.program_target_577,17005-M-001-59-000,-
base.program_target_578,17005-M-001-59-014,-
base.program_target_579,17005-M-002-55-001,-
base.program_target_580,17005-M-002-55-002,-
base.program_target_581,17005-M-002-55-003,-
base.program_target_582,17005-M-002-55-004,-
base.program_target_583,17005-M-002-55-005,-
base.program_target_584,17005-M-002-56-006,-
base.program_target_585,17005-M-002-56-007,-
base.program_target_586,17005-M-002-56-008,-
base.program_target_587,17005-M-002-56-009,-
base.program_target_588,17005-M-002-56-010,-
base.program_target_589,17005-M-002-57-000,-
base.program_target_590,17005-M-002-57-011,-
base.program_target_591,17005-M-002-58-000,-
base.program_target_592,17005-M-002-58-012,-
base.program_target_593,17005-M-002-59-000,-
base.program_target_594,17005-M-002-59-013,-
base.program_target_595,17005-M-003-55-001,-
base.program_target_596,17005-M-003-55-002,-
base.program_target_597,17005-M-003-55-003,-
base.program_target_598,17005-M-003-55-004,-
base.program_target_599,17005-M-003-55-005,-
base.program_target_600,17005-M-003-55-006,-
base.program_target_601,17005-M-003-55-007,-
base.program_target_602,17005-M-003-55-008,-
base.program_target_603,17005-M-003-56-009,-
base.program_target_604,17005-M-003-56-010,-
base.program_target_605,17005-M-003-56-011,-
base.program_target_606,17005-M-003-56-012,-
base.program_target_607,17005-M-003-56-013,-
base.program_target_608,17005-M-003-56-014,-
base.program_target_609,17005-M-003-56-015,-
base.program_target_610,17005-M-003-56-016,-
base.program_target_611,17005-M-003-57-000,-
base.program_target_612,17005-M-003-57-017,-
base.program_target_613,17005-M-003-58-000,-
base.program_target_614,17005-M-003-59-000,-
base.program_target_615,19001-M-001-55-001,-
base.program_target_616,19001-M-001-56-002,-
base.program_target_617,19001-M-001-57-000,-
base.program_target_618,19001-M-001-58-000,-
base.program_target_619,19001-M-001-59-000,-
base.program_target_620,19001-M-002-55-001,-
base.program_target_621,19001-M-002-56-002,-
base.program_target_622,19001-M-002-57-000,-
base.program_target_623,19001-M-002-58-000,-
base.program_target_624,19001-M-002-59-000,-
base.program_target_625,19001-M-003-55-001,-
base.program_target_626,19001-M-003-55-002,-
base.program_target_627,19001-M-003-56-003,-
base.program_target_628,19001-M-003-56-004,-
base.program_target_629,19001-M-003-57-000,-
base.program_target_630,19001-M-003-58-000,-
base.program_target_631,19001-M-003-59-000,-
base.program_target_632,19001-M-004-55-001,-
base.program_target_633,19001-M-004-55-002,-
base.program_target_634,19001-M-004-55-003,-
base.program_target_635,19001-M-004-55-004,-
base.program_target_636,19001-M-004-55-005,-
base.program_target_637,19001-M-004-55-006,-
base.program_target_638,19001-M-004-55-007,-
base.program_target_639,19001-M-004-56-008,-
base.program_target_640,19001-M-004-56-009,-
base.program_target_641,19001-M-004-56-010,-
base.program_target_642,19001-M-004-56-011,-
base.program_target_643,19001-M-004-56-012,-
base.program_target_644,19001-M-004-56-013,-
base.program_target_645,19001-M-004-56-014,-
base.program_target_646,19001-M-004-57-000,-
base.program_target_647,19001-M-004-58-000,-
base.program_target_648,19001-M-004-59-000,-
base.program_target_649,19002-M-001-55-001,-
base.program_target_650,19002-M-001-55-002,-
base.program_target_651,19002-M-001-56-003,-
base.program_target_652,19002-M-001-56-004,-
base.program_target_653,19002-M-001-57-000,-
base.program_target_654,19002-M-001-58-000,-
base.program_target_655,19002-M-001-59-000,-
base.program_target_656,19002-M-002-55-000,-
base.program_target_657,19002-M-002-55-001,-
base.program_target_658,19002-M-002-55-002,-
base.program_target_659,19002-M-002-55-003,-
base.program_target_660,19002-M-002-55-004,-
base.program_target_661,19002-M-002-56-005,-
base.program_target_662,19002-M-002-56-006,-
base.program_target_663,19002-M-002-56-007,-
base.program_target_664,19002-M-002-56-008,-
base.program_target_665,19002-M-002-56-009,-
base.program_target_666,19002-M-002-57-000,-
base.program_target_667,19002-M-002-58-000,-
base.program_target_668,19002-M-002-59-000,-
base.program_target_669,19002-M-003-55-000,-
base.program_target_670,19002-M-003-56-000,-
base.program_target_671,19002-M-003-57-000,-
base.program_target_672,19002-M-003-58-000,-
base.program_target_673,19002-M-003-59-000,-
base.program_target_674,19002-M-004-55-001,-
base.program_target_675,19002-M-004-56-002,-
base.program_target_676,19002-M-004-57-000,-
base.program_target_677,19002-M-004-58-000,-
base.program_target_678,19002-M-004-59-000,-
base.program_target_679,19003-M-001-55-000,-
base.program_target_680,19003-M-001-55-001,-
base.program_target_681,19003-M-001-56-000,-
base.program_target_682,19003-M-001-56-002,-
base.program_target_683,19003-M-001-56-003,-
base.program_target_684,19003-M-001-57-004,-
base.program_target_685,19003-M-001-57-005,-
base.program_target_686,19003-M-001-57-006,-
base.program_target_687,19003-M-001-57-007,-
base.program_target_688,19003-M-001-58-008,-
base.program_target_689,19003-M-001-58-009,-
base.program_target_690,19003-M-001-58-010,-
base.program_target_691,19003-M-001-58-011,-
base.program_target_692,19003-M-001-59-000,-
base.program_target_693,19003-M-001-59-012,-
base.program_target_694,19003-M-001-59-013,-
base.program_target_695,19003-M-001-59-014,-
base.program_target_696,19003-M-002-55-000,-
base.program_target_697,19003-M-002-56-000,-
base.program_target_698,19003-M-002-56-001,-
base.program_target_699,19003-M-002-56-002,-
base.program_target_700,19003-M-002-57-003,-
base.program_target_701,19003-M-002-57-004,-
base.program_target_702,19003-M-002-57-005,-
base.program_target_703,19003-M-002-58-006,-
base.program_target_704,19003-M-002-58-007,-
base.program_target_705,19003-M-002-58-008,-
base.program_target_706,19003-M-002-59-009,-
base.program_target_707,19003-M-002-59-010,-
base.program_target_708,19003-M-002-59-011,-
base.program_target_709,19003-M-003-55-001,-
base.program_target_710,19003-M-003-55-002,-
base.program_target_711,19003-M-003-55-003,-
base.program_target_712,19003-M-003-55-004,-
base.program_target_713,19003-M-003-55-005,-
base.program_target_714,19003-M-003-55-006,-
base.program_target_715,19003-M-003-56-000,-
base.program_target_716,19003-M-003-56-007,-
base.program_target_717,19003-M-003-56-008,-
base.program_target_718,19003-M-003-56-009,-
base.program_target_719,19003-M-003-57-000,-
base.program_target_720,19003-M-003-57-010,-
base.program_target_721,19003-M-003-57-011,-
base.program_target_722,19003-M-003-57-012,-
base.program_target_723,19003-M-003-58-000,-
base.program_target_724,19003-M-003-59-000,-
base.program_target_725,19003-M-003-59-013,-
base.program_target_726,19003-M-003-59-014,-
base.program_target_727,19003-M-004-55-001,-
base.program_target_728,19003-M-004-55-002,-
base.program_target_729,19003-M-004-56-003,-
base.program_target_730,19003-M-004-56-004,-
base.program_target_731,19003-M-004-57-000,-
base.program_target_732,19003-M-004-57-005,-
base.program_target_733,19003-M-004-58-006,-
base.program_target_734,19003-M-004-58-007,-
base.program_target_735,19003-M-004-59-000,-
base.program_target_736,19004-M-001-55-000,-
base.program_target_737,19004-M-001-55-001,-
base.program_target_738,19004-M-001-55-002,-
base.program_target_739,19004-M-001-56-003,-
base.program_target_740,19004-M-001-56-004,-
base.program_target_741,19004-M-001-56-005,-
base.program_target_742,19004-M-001-56-006,-
base.program_target_743,19004-M-001-56-007,-
base.program_target_744,19004-M-001-56-008,-
base.program_target_745,19004-M-001-57-000,-
base.program_target_746,19004-M-001-58-000,-
base.program_target_747,19004-M-001-59-000,-
base.program_target_748,19004-M-002-55-000,-
base.program_target_749,19004-M-002-56-001,-
base.program_target_750,19004-M-002-56-002,-
base.program_target_751,19004-M-002-57-000,-
base.program_target_752,19004-M-002-58-000,-
base.program_target_753,19004-M-002-59-000,-
base.program_target_754,19004-M-003-55-000,-
base.program_target_755,19004-M-003-56-001,-
base.program_target_756,19004-M-003-57-000,-
base.program_target_757,19004-M-003-58-000,-
base.program_target_758,19004-M-003-59-000,-
base.program_target_759,19004-M-004-56-001,-
base.program_target_760,19004-M-004-56-002,-
base.program_target_761,19004-M-004-56-003,-
base.program_target_762,19004-M-004-57-001,-
base.program_target_763,19004-M-004-58-001,-
base.program_target_764,19004-M-004-58-002,-
base.program_target_765,19004-M-004-58-003,-
base.program_target_766,19004-M-005-55-001,-
base.program_target_767,19004-M-005-55-002,-
base.program_target_768,19004-M-005-56-001,-
base.program_target_769,19004-M-005-56-002,-
base.program_target_770,19004-M-005-56-003,-
base.program_target_771,19004-M-005-56-004,-
base.program_target_772,19004-M-005-56-005,-
base.program_target_773,19004-M-005-57-001,-
base.program_target_774,19004-M-005-58-001,-
base.program_target_775,19004-M-006-57-001,-
base.program_target_776,19004-M-006-58-001,-
base.program_target_777,19004-M-006-58-002,-
base.program_target_778,19004-M-006-58-003,-
base.program_target_779,19004-M-007-56-001,-
base.program_target_780,19004-M-007-57-001,-
base.program_target_781,1A001-M-001-55-001,-
base.program_target_782,1A001-M-001-55-002,-
base.program_target_783,1A001-M-001-56-003,-
base.program_target_784,1A001-M-001-56-004,-
base.program_target_785,1A001-M-001-57-000,-
base.program_target_786,1A001-M-001-57-005,-
base.program_target_787,1A001-M-001-58-000,-
base.program_target_788,1A001-M-001-58-006,-
base.program_target_789,1A001-M-001-59-000,-
base.program_target_790,1A001-M-001-59-007,-
base.program_target_791,1A001-M-002-55-001,-
base.program_target_792,1A001-M-002-55-002,-
base.program_target_793,1A001-M-002-56-003,-
base.program_target_794,1A001-M-002-56-004,-
base.program_target_795,1A001-M-002-57-000,-
base.program_target_796,1A001-M-002-58-000,-
base.program_target_797,1A001-M-002-59-000,-
base.program_target_798,1A002-M-001-55-000,-
base.program_target_799,1A002-M-001-55-001,-
base.program_target_800,1A002-M-001-56-002,-
base.program_target_801,1A002-M-001-56-003,-
base.program_target_802,1A002-M-001-56-004,-
base.program_target_803,1A002-M-001-57-000,-
base.program_target_804,1A002-M-001-57-005,-
base.program_target_805,1A002-M-001-58-000,-
base.program_target_806,1A002-M-001-59-000,-
base.program_target_807,1A002-M-001-59-006,-
base.program_target_808,1A002-M-002-55-000,-
base.program_target_809,1A002-M-002-55-001,-
base.program_target_810,1A002-M-002-56-000,-
base.program_target_811,1A002-M-002-56-002,-
base.program_target_812,1A002-M-002-57-003,-
base.program_target_813,1A002-M-002-57-004,-
base.program_target_814,1A002-M-002-58-000,-
base.program_target_815,1A002-M-002-59-000,-
base.program_target_816,1A002-M-003-55-001,-
base.program_target_817,1A002-M-003-55-002,-
base.program_target_818,1A002-M-003-55-003,-
base.program_target_819,1A002-M-003-56-004,-
base.program_target_820,1A002-M-003-56-005,-
base.program_target_821,1A002-M-003-56-006,-
base.program_target_822,1A002-M-003-57-000,-
base.program_target_823,1A002-M-003-58-000,-
base.program_target_824,1A002-M-003-59-000,-
base.program_target_825,1A003-M-001-55-000,-
base.program_target_826,1A003-M-001-55-001,-
base.program_target_827,1A003-M-001-56-000,-
base.program_target_828,1A003-M-001-56-002,-
base.program_target_829,1A003-M-001-57-003,-
base.program_target_830,1A003-M-001-57-004,-
base.program_target_831,1A003-M-001-58-000,-
base.program_target_832,1A003-M-001-59-000,-
base.program_target_833,1A003-M-002-55-000,-
base.program_target_834,1A003-M-002-56-000,-
base.program_target_835,1A003-M-002-57-000,-
base.program_target_836,1A003-M-002-57-001,-
base.program_target_837,1A003-M-002-58-000,-
base.program_target_838,1A003-M-002-58-002,-
base.program_target_839,1A003-M-002-58-003,-
base.program_target_840,1A003-M-002-59-004,-
base.program_target_841,1A003-M-002-59-005,-
base.program_target_842,1A003-M-002-59-006,-
base.program_target_843,1A003-M-002-59-007,-
base.program_target_844,1A003-M-003-55-001,-
base.program_target_845,1A003-M-003-55-002,-
base.program_target_846,1A003-M-003-55-003,-
base.program_target_847,1A003-M-003-55-004,-
base.program_target_848,1A003-M-003-55-005,-
base.program_target_849,1A003-M-003-56-006,-
base.program_target_850,1A003-M-003-56-007,-
base.program_target_851,1A003-M-003-56-008,-
base.program_target_852,1A003-M-003-56-009,-
base.program_target_853,1A003-M-003-56-010,-
base.program_target_854,1A003-M-003-57-000,-
base.program_target_855,1A003-M-003-58-000,-
base.program_target_856,1A003-M-003-59-000,-
base.program_target_857,22004-M-001-55-000,-
base.program_target_858,22004-M-001-55-001,-
base.program_target_859,22004-M-001-55-002,-
base.program_target_860,22004-M-001-55-003,-
base.program_target_861,22004-M-001-55-004,-
base.program_target_862,22004-M-001-56-000,-
base.program_target_863,22004-M-001-56-005,-
base.program_target_864,22004-M-001-59-000,-
base.program_target_865,22004-M-001-59-006,-
base.program_target_866,22004-M-001-59-007,-
base.program_target_867,22004-M-001-59-008,-
base.program_target_868,22004-M-001-59-009,-
base.program_target_869,22004-M-002-55-001,-
base.program_target_870,22004-M-002-55-002,-
base.program_target_871,22004-M-002-55-003,-
base.program_target_872,22004-M-002-56-000,-
base.program_target_873,22004-M-002-56-004,-
base.program_target_874,22004-M-002-59-000,-
base.program_target_875,22004-M-002-59-005,-
base.program_target_876,22004-M-002-59-006,-
base.program_target_877,22005-M-001-55-000,-
base.program_target_878,22005-M-001-55-001,-
base.program_target_879,22005-M-001-55-002,-
base.program_target_880,22005-M-001-56-003,-
base.program_target_881,22005-M-001-56-004,-
base.program_target_882,22005-M-001-56-005,-
base.program_target_883,22005-M-001-59-000,-
base.program_target_884,22005-M-001-59-006,-
base.program_target_885,22005-M-001-59-007,-
base.program_target_886,22005-M-002-55-000,-
base.program_target_887,22005-M-002-56-000,-
base.program_target_888,22005-M-002-59-001,-
base.program_target_889,22005-M-003-55-000,-
base.program_target_890,22005-M-003-56-000,-
base.program_target_891,22005-M-003-59-000,-
base.program_target_892,22006-M-001-55-001,-
base.program_target_893,22006-M-001-55-002,-
base.program_target_894,22006-M-001-56-000,-
base.program_target_895,22006-M-001-56-003,-
base.program_target_896,22006-M-001-59-000,-
base.program_target_897,22006-M-001-59-004,-
base.program_target_898,22006-M-002-55-001,-
base.program_target_899,22006-M-002-55-002,-
base.program_target_900,22006-M-002-56-000,-
base.program_target_901,22006-M-002-56-003,-
base.program_target_902,22006-M-002-59-000,-
base.program_target_903,22006-M-002-59-004,-
base.program_target_904,22006-M-003-55-001,-
base.program_target_905,22006-M-003-56-002,-
base.program_target_906,22006-M-003-59-003,-
base.program_target_907,22006-M-004-55-000,-
base.program_target_908,22006-M-004-55-001,-
base.program_target_909,22006-M-004-56-002,-
base.program_target_910,22006-M-004-56-003,-
base.program_target_911,22006-M-004-59-004,-
base.program_target_912,22006-M-004-59-005,-
base.program_target_913,23003-M-001-55-001,-
base.program_target_914,23003-M-001-55-002,-
base.program_target_915,23003-M-001-56-003,-
base.program_target_916,23003-M-001-56-004,-
base.program_target_917,23003-M-001-59-005,-
base.program_target_918,23003-M-001-59-006,-
base.program_target_919,23003-M-002-55-000,-
base.program_target_920,23003-M-002-56-000,-
base.program_target_921,23003-M-002-59-001,-
base.program_target_922,23003-M-002-59-002,-
base.program_target_923,23003-M-003-59-001,-
base.program_target_924,23004-M-001-55-000,-
base.program_target_925,23004-M-001-56-000,-
base.program_target_926,23004-M-001-59-001,-
base.program_target_927,23004-M-002-55-001,-
base.program_target_928,23004-M-002-55-002,-
base.program_target_929,23004-M-002-55-003,-
base.program_target_930,23004-M-002-56-004,-
base.program_target_931,23004-M-002-56-005,-
base.program_target_932,23004-M-002-56-006,-
base.program_target_933,23004-M-002-59-000,-
base.program_target_934,23004-M-002-59-007,-
base.program_target_935,23004-M-003-55-000,-
base.program_target_936,23004-M-003-56-000,-
base.program_target_937,23004-M-003-59-001,-
base.program_target_938,23004-M-003-59-002,-
base.program_target_939,23004-M-004-55-000,-
base.program_target_940,23004-M-004-56-001,-
base.program_target_941,23004-M-004-59-000,-
base.program_target_942,23004-M-005-55-000,-
base.program_target_943,23004-M-005-56-000,-
base.program_target_944,23004-M-005-59-000,-
base.program_target_945,23004-M-005-59-001,-
base.program_target_946,23004-M-006-59-001,-
base.program_target_947,23004-M-006-59-002,-
base.program_target_948,23004-M-006-59-003,-
base.program_target_949,23004-M-006-59-004,-
base.program_target_950,23004-M-007-59-001,-
base.program_target_951,23004-M-007-59-002,-
base.program_target_952,23004-M-008-59-001,-
base.program_target_953,23004-M-008-59-002,-
base.program_target_954,23004-M-009-59-001,-
base.program_target_955,24004-M-001-55-001,-
base.program_target_956,24004-M-001-56-002,-
base.program_target_957,24004-M-002-55-001,-
base.program_target_958,24004-M-002-55-002,-
base.program_target_959,24004-M-002-56-003,-
base.program_target_960,24004-M-002-56-004,-
base.program_target_961,24004-M-002-56-005,-
base.program_target_962,24004-M-002-56-006,-
base.program_target_963,24004-M-002-57-007,-
base.program_target_964,24004-M-002-58-008,-
base.program_target_965,24004-M-003-55-001,-
base.program_target_966,24004-M-003-55-002,-
base.program_target_967,24004-M-003-56-003,-
base.program_target_968,24004-M-003-56-004,-
base.program_target_969,24004-M-003-56-005,-
base.program_target_970,24004-M-003-57-006,-
base.program_target_971,24004-M-003-57-007,-
base.program_target_972,24004-M-003-59-008,-
base.program_target_973,24004-M-004-56-001,-
base.program_target_974,24004-M-004-56-002,-
base.program_target_975,24004-M-004-57-003,-
base.program_target_976,24004-M-004-57-004,-
base.program_target_977,24005-M-001-55-001,-
base.program_target_978,24005-M-001-55-002,-
base.program_target_979,24005-M-001-55-003,-
base.program_target_980,24005-M-001-55-004,-
base.program_target_981,24005-M-001-56-005,-
base.program_target_982,24005-M-001-56-006,-
base.program_target_983,24005-M-001-56-007,-
base.program_target_984,24005-M-001-56-008,-
base.program_target_985,24005-M-001-56-009,-
base.program_target_986,24005-M-001-57-010,-
base.program_target_987,24005-M-001-57-011,-
base.program_target_988,24005-M-002-55-001,-
base.program_target_989,24005-M-002-56-002,-
base.program_target_990,24005-M-002-56-003,-
base.program_target_991,24005-M-002-56-005,-
base.program_target_992,24005-M-002-57-004,-
base.program_target_993,24005-M-002-57-006,-
base.program_target_994,24005-M-002-58-007,-
base.program_target_995,24005-M-002-59-008,-
base.program_target_996,24005-M-003-55-001,-
base.program_target_997,24005-M-004-57-001,-
base.program_target_998,26004-M-001-55-001,-
base.program_target_999,26004-M-001-56-002,-
base.program_target_1000,26004-M-001-56-003,-
base.program_target_1001,26004-M-001-59-004,-
base.program_target_1002,26004-M-001-59-005,-
base.program_target_1003,26004-M-002-55-001,-
base.program_target_1004,26004-M-002-55-002,-
base.program_target_1005,26004-M-002-55-003,-
base.program_target_1006,26004-M-002-55-004,-
base.program_target_1007,26004-M-002-55-005,-
base.program_target_1008,26004-M-002-56-006,-
base.program_target_1009,26004-M-002-56-007,-
base.program_target_1010,26004-M-002-59-008,-
base.program_target_1011,26004-M-002-59-009,-
base.program_target_1012,26004-M-003-55-001,-
base.program_target_1013,26004-M-003-55-002,-
base.program_target_1014,26004-M-003-55-003,-
base.program_target_1015,26004-M-003-59-004,-
base.program_target_1016,26004-M-004-55-001,-
base.program_target_1017,26004-M-004-55-002,-
base.program_target_1018,26004-M-004-55-003,-
base.program_target_1019,26004-M-004-55-004,-
base.program_target_1020,26004-M-004-55-005,-
base.program_target_1021,26004-M-004-56-006,-
base.program_target_1022,26004-M-004-59-007,-
base.program_target_1023,26004-M-004-59-008,-
base.program_target_1024,26004-M-004-59-009,-
base.program_target_1025,26004-M-004-59-010,-
base.program_target_1026,26004-M-004-59-011,-
base.program_target_1027,26004-M-004-59-012,-
base.program_target_1028,26005-M-001-55-001,-
base.program_target_1029,26005-M-001-55-002,-
base.program_target_1030,26005-M-001-55-003,-
base.program_target_1031,26005-M-001-55-004,-
base.program_target_1032,26005-M-001-56-005,-
base.program_target_1033,26005-M-001-56-006,-
base.program_target_1034,26005-M-002-55-001,-
base.program_target_1035,26005-M-002-55-002,-
base.program_target_1036,26005-M-002-55-003,-
base.program_target_1037,26005-M-002-55-004,-
base.program_target_1038,26005-M-002-55-005,-
base.program_target_1039,26005-M-002-55-006,-
base.program_target_1040,26005-M-002-56-007,-
base.program_target_1041,26005-M-002-56-008,-
base.program_target_1042,26005-M-002-58-009,-
base.program_target_1043,26005-M-002-59-010,-
base.program_target_1044,26005-M-002-59-011,-
base.program_target_1045,26006-M-001-58-001,-
base.program_target_1046,26006-M-001-59-002,-
base.program_target_1047,26006-M-001-59-003,-
base.program_target_1048,26006-M-001-59-004,-
base.program_target_1049,26006-M-001-59-005,-
base.program_target_1050,26006-M-001-59-006,-
base.program_target_1051,26006-M-001-59-007,-
base.program_target_1052,26006-M-001-59-008,-
base.program_target_1053,26006-M-002-59-001,-
base.program_target_1054,26006-M-002-59-002,-
base.program_target_1055,26006-M-002-59-003,-
base.program_target_1056,26006-M-003-59-001,-
base.program_target_1057,26006-M-003-59-002,-
base.program_target_1058,26006-M-004-59-001,-
base.program_target_1059,30008-M-001-56-001,-
base.program_target_1060,30008-M-001-56-002,-
base.program_target_1061,30008-M-002-56-001,-
base.program_target_1062,30009-M-001-56-001,-
base.program_target_1063,30009-M-002-56-001,-
base.program_target_1064,30009-M-003-56-001,-
base.program_target_1065,30010-M-001-56-001,-
base.program_target_1066,30010-M-002-56-001,-
base.program_target_1067,30010-M-002-56-002,-
base.program_target_1068,30010-M-002-56-003,-
base.program_target_1069,30010-M-002-56-004,-
base.program_target_1070,30010-M-002-56-005,-
base.program_target_1071,30010-M-002-56-006,-
base.program_target_1072,30010-M-002-56-007,-
base.program_target_1073,30010-M-003-56-001,-
base.program_target_1074,30010-M-003-56-002,-
base.program_target_1075,30010-M-003-56-003,-
base.program_target_1076,30010-M-004-56-001,-
base.program_target_1077,30011-M-001-56-001,-
base.program_target_1078,30011-M-002-56-001,-
base.program_target_1079,30011-M-003-56-001,-
base.program_target_1080,30012-M-001-56-001,-
base.program_target_1081,30012-M-001-56-002,-
base.program_target_1082,30012-M-002-56-001,-
base.program_target_1083,30012-M-003-56-001,-
base.program_target_1084,30012-M-004-56-000,-
base.program_target_1085,30013-M-001-56-001,-
base.program_target_1086,30013-M-002-56-001,-
base.program_target_1087,30013-M-003-56-001,-
base.program_target_1088,30014-M-001-56-001,-
base.program_target_1089,30014-M-001-56-002,-
base.program_target_1090,30014-M-001-56-003,-
base.program_target_1091,30014-M-001-56-004,-
base.program_target_1092,30014-M-001-56-005,-
base.program_target_1093,30014-M-002-56-001,-
base.program_target_1094,30014-M-002-56-002,-
base.program_target_1095,30014-M-003-56-001,-
base.program_target_1096,30014-M-003-56-002,-
base.program_target_1097,30014-M-004-56-001,-
base.program_target_1098,30014-M-005-56-001,-
base.program_target_1099,30014-M-005-56-002,-
base.program_target_1100,30014-M-006-56-001,-
base.program_target_1101,30014-M-006-56-002,-
base.program_target_1102,30014-M-007-56-001,-
base.program_target_1103,30014-M-007-56-002,-
base.program_target_1104,30014-M-008-56-001,-
base.program_target_1105,30015-M-001-56-001,-
base.program_target_1106,30015-M-002-56-000,-
base.program_target_1107,30015-M-003-56-000,-
base.program_target_1108,30015-M-004-56-000,-
base.program_target_1109,30015-M-005-56-000,-
base.program_target_1110,30015-M-006-56-000,-
base.program_target_1111,30015-M-007-56-000,-
base.program_target_1112,30015-M-008-56-001,-
