"id","name","province_id/id"
"__export__.nstda_ccsc_m_eamphur_1","อ.เชียงดาว","__export__.res_country_state_65"
"__export__.nstda_ccsc_m_eamphur_2","อ.เมืองเชียงใหม่","__export__.res_country_state_65"
"__export__.nstda_ccsc_m_eamphur_3","อ.เวียงแหง","__export__.res_country_state_65"
"__export__.nstda_ccsc_m_eamphur_4","อ.แม่แจ่ม","__export__.res_country_state_65"
"__export__.nstda_ccsc_m_eamphur_5","อ.แม่แตง","__export__.res_country_state_65"
"__export__.nstda_ccsc_m_eamphur_6","อ.แม่ริม","__export__.res_country_state_65"
"__export__.nstda_ccsc_m_eamphur_7","อ.แม่วาง","__export__.res_country_state_65"
"__export__.nstda_ccsc_m_eamphur_8","อ.แม่ออน","__export__.res_country_state_65"
"__export__.nstda_ccsc_m_eamphur_9","อ.แม่อาย","__export__.res_country_state_65"
"__export__.nstda_ccsc_m_eamphur_10","อ.ไชยปราการ","__export__.res_country_state_65"
"__export__.nstda_ccsc_m_eamphur_11","อ.กัลยาณิวัฒนา","__export__.res_country_state_65"
"__export__.nstda_ccsc_m_eamphur_12","อ.จอมทอง","__export__.res_country_state_65"
"__export__.nstda_ccsc_m_eamphur_13","อ.ดอยเต่า","__export__.res_country_state_65"
"__export__.nstda_ccsc_m_eamphur_14","อ.ดอยสะเก็ด","__export__.res_country_state_65"
"__export__.nstda_ccsc_m_eamphur_15","อ.ดอยหล่อ","__export__.res_country_state_65"
"__export__.nstda_ccsc_m_eamphur_16","อ.ฝาง","__export__.res_country_state_65"
"__export__.nstda_ccsc_m_eamphur_17","อ.พร้าว","__export__.res_country_state_65"
"__export__.nstda_ccsc_m_eamphur_18","อ.สะเมิง","__export__.res_country_state_65"
"__export__.nstda_ccsc_m_eamphur_19","อ.สันกำแพง","__export__.res_country_state_65"
"__export__.nstda_ccsc_m_eamphur_20","อ.สันทราย","__export__.res_country_state_65"
"__export__.nstda_ccsc_m_eamphur_21","อ.สันป่าตอง","__export__.res_country_state_65"
"__export__.nstda_ccsc_m_eamphur_22","อ.สารภี","__export__.res_country_state_65"
"__export__.nstda_ccsc_m_eamphur_23","อ.หางดง","__export__.res_country_state_65"
"__export__.nstda_ccsc_m_eamphur_24","อ.อมก๋อย","__export__.res_country_state_65"
"__export__.nstda_ccsc_m_eamphur_25","อ.ฮอด","__export__.res_country_state_65"
"__export__.nstda_ccsc_m_eamphur_26","อ.เชียงแสน","__export__.res_country_state_64"
"__export__.nstda_ccsc_m_eamphur_27","อ.เชียงของ","__export__.res_country_state_64"
"__export__.nstda_ccsc_m_eamphur_28","อ.เทิง","__export__.res_country_state_64"
"__export__.nstda_ccsc_m_eamphur_29","อ.เมืองเชียงราย","__export__.res_country_state_64"
"__export__.nstda_ccsc_m_eamphur_30","อ.เวียงเชียงรุ้ง","__export__.res_country_state_64"
"__export__.nstda_ccsc_m_eamphur_31","อ.เวียงแก่น","__export__.res_country_state_64"
"__export__.nstda_ccsc_m_eamphur_32","อ.เวียงชัย","__export__.res_country_state_64"
"__export__.nstda_ccsc_m_eamphur_33","อ.เวียงป่าเป้า","__export__.res_country_state_64"
"__export__.nstda_ccsc_m_eamphur_34","อ.แม่จัน","__export__.res_country_state_64"
"__export__.nstda_ccsc_m_eamphur_35","อ.แม่ฟ้าหลวง","__export__.res_country_state_64"
"__export__.nstda_ccsc_m_eamphur_36","อ.แม่ลาว","__export__.res_country_state_64"
"__export__.nstda_ccsc_m_eamphur_37","อ.แม่สรวย","__export__.res_country_state_64"
"__export__.nstda_ccsc_m_eamphur_38","อ.แม่สาย","__export__.res_country_state_64"
"__export__.nstda_ccsc_m_eamphur_39","อ.ขุนตาล","__export__.res_country_state_64"
"__export__.nstda_ccsc_m_eamphur_40","อ.ดอยหลวง","__export__.res_country_state_64"
"__export__.nstda_ccsc_m_eamphur_41","อ.ป่าแดด","__export__.res_country_state_64"
"__export__.nstda_ccsc_m_eamphur_42","อ.พญาเม็งราย","__export__.res_country_state_64"
"__export__.nstda_ccsc_m_eamphur_43","อ.พาน","__export__.res_country_state_64"
"__export__.nstda_ccsc_m_eamphur_44","อ.เขาย้อย","__export__.res_country_state_90"
"__export__.nstda_ccsc_m_eamphur_45","อ.เมืองเพชรบุรี","__export__.res_country_state_90"
"__export__.nstda_ccsc_m_eamphur_46","อ.แก่งกระจาน","__export__.res_country_state_90"
"__export__.nstda_ccsc_m_eamphur_47","อ.ชะอำ","__export__.res_country_state_90"
"__export__.nstda_ccsc_m_eamphur_48","อ.ท่ายาง","__export__.res_country_state_90"
"__export__.nstda_ccsc_m_eamphur_49","อ.บ้านแหลม","__export__.res_country_state_90"
"__export__.nstda_ccsc_m_eamphur_50","อ.บ้านลาด","__export__.res_country_state_90"
"__export__.nstda_ccsc_m_eamphur_51","อ.หนองหญ้าปล้อง","__export__.res_country_state_90"
"__export__.nstda_ccsc_m_eamphur_52","อ.เขาค้อ","__export__.res_country_state_91"
"__export__.nstda_ccsc_m_eamphur_53","อ.เมืองเพชรบูรณ์","__export__.res_country_state_91"
"__export__.nstda_ccsc_m_eamphur_54","อ.ชนแดน","__export__.res_country_state_91"
"__export__.nstda_ccsc_m_eamphur_55","อ.น้ำหนาว","__export__.res_country_state_91"
"__export__.nstda_ccsc_m_eamphur_56","อ.บึงสามพัน","__export__.res_country_state_91"
"__export__.nstda_ccsc_m_eamphur_57","อ.วังโป่ง","__export__.res_country_state_91"
"__export__.nstda_ccsc_m_eamphur_58","อ.วิเชียรบุรี","__export__.res_country_state_91"
"__export__.nstda_ccsc_m_eamphur_59","อ.ศรีเทพ","__export__.res_country_state_91"
"__export__.nstda_ccsc_m_eamphur_60","อ.หนองไผ่","__export__.res_country_state_91"
"__export__.nstda_ccsc_m_eamphur_61","อ.หล่มเก่า","__export__.res_country_state_91"
"__export__.nstda_ccsc_m_eamphur_62","อ.หล่มสัก","__export__.res_country_state_91"
"__export__.nstda_ccsc_m_eamphur_63","อ.เชียงคาน","__export__.res_country_state_106"
"__export__.nstda_ccsc_m_eamphur_64","อ.เมืองเลย","__export__.res_country_state_106"
"__export__.nstda_ccsc_m_eamphur_65","อ.เอราวัณ","__export__.res_country_state_106"
"__export__.nstda_ccsc_m_eamphur_66","อ.ด่านซ้าย","__export__.res_country_state_106"
"__export__.nstda_ccsc_m_eamphur_67","อ.ท่าลี่","__export__.res_country_state_106"
"__export__.nstda_ccsc_m_eamphur_68","อ.นาแห้ว","__export__.res_country_state_106"
"__export__.nstda_ccsc_m_eamphur_69","อ.นาด้วง","__export__.res_country_state_106"
"__export__.nstda_ccsc_m_eamphur_70","อ.ปากชม","__export__.res_country_state_106"
"__export__.nstda_ccsc_m_eamphur_71","อ.ผาขาว","__export__.res_country_state_106"
"__export__.nstda_ccsc_m_eamphur_72","อ.ภูเรือ","__export__.res_country_state_106"
"__export__.nstda_ccsc_m_eamphur_73","อ.ภูกระดึง","__export__.res_country_state_106"
"__export__.nstda_ccsc_m_eamphur_74","อ.ภูหลวง","__export__.res_country_state_106"
"__export__.nstda_ccsc_m_eamphur_75","อ.วังสะพุง","__export__.res_country_state_106"
"__export__.nstda_ccsc_m_eamphur_76","อ.หนองหิน","__export__.res_country_state_106"
"__export__.nstda_ccsc_m_eamphur_77","อ.เด่นชัย","__export__.res_country_state_92"
"__export__.nstda_ccsc_m_eamphur_78","อ.เมืองแพร่","__export__.res_country_state_92"
"__export__.nstda_ccsc_m_eamphur_79","อ.ร้องกวาง","__export__.res_country_state_92"
"__export__.nstda_ccsc_m_eamphur_80","อ.ลอง","__export__.res_country_state_92"
"__export__.nstda_ccsc_m_eamphur_81","อ.วังชิ้น","__export__.res_country_state_92"
"__export__.nstda_ccsc_m_eamphur_82","อ.สอง","__export__.res_country_state_92"
"__export__.nstda_ccsc_m_eamphur_83","อ.สูงเม่น","__export__.res_country_state_92"
"__export__.nstda_ccsc_m_eamphur_84","อ.หนองม่วงไข่","__export__.res_country_state_92"
"__export__.nstda_ccsc_m_eamphur_85","อ.เมืองแม่ฮ่องสอน","__export__.res_country_state_96"
"__export__.nstda_ccsc_m_eamphur_86","อ.แม่ลาน้อย","__export__.res_country_state_96"
"__export__.nstda_ccsc_m_eamphur_87","อ.แม่สะเรียง","__export__.res_country_state_96"
"__export__.nstda_ccsc_m_eamphur_88","อ.ขุนยวม","__export__.res_country_state_96"
"__export__.nstda_ccsc_m_eamphur_89","อ.ปางมะผ้า","__export__.res_country_state_96"
"__export__.nstda_ccsc_m_eamphur_90","อ.ปาย","__export__.res_country_state_96"
"__export__.nstda_ccsc_m_eamphur_91","อ.สบเมย","__export__.res_country_state_96"
"__export__.nstda_ccsc_m_eamphur_92","อ.เกาะลันตา","__export__.res_country_state_53"
"__export__.nstda_ccsc_m_eamphur_93","อ.เขาพนม","__export__.res_country_state_53"
"__export__.nstda_ccsc_m_eamphur_94","อ.เมืองกระบี่","__export__.res_country_state_53"
"__export__.nstda_ccsc_m_eamphur_95","อ.เหนือคลอง","__export__.res_country_state_53"
"__export__.nstda_ccsc_m_eamphur_96","อ.คลองท่อม","__export__.res_country_state_53"
"__export__.nstda_ccsc_m_eamphur_97","อ.ปลายพระยา","__export__.res_country_state_53"
"__export__.nstda_ccsc_m_eamphur_98","อ.ลำทับ","__export__.res_country_state_53"
"__export__.nstda_ccsc_m_eamphur_99","อ.อ่าวลึก","__export__.res_country_state_53"
"__export__.nstda_ccsc_m_eamphur_100","เขตคลองเตย","__export__.res_country_state_52"
"__export__.nstda_ccsc_m_eamphur_101","เขตคลองสาน","__export__.res_country_state_52"
"__export__.nstda_ccsc_m_eamphur_102","เขตคลองสามวา","__export__.res_country_state_52"
"__export__.nstda_ccsc_m_eamphur_103","เขตคันนายาว","__export__.res_country_state_52"
"__export__.nstda_ccsc_m_eamphur_104","เขตจตุจักร","__export__.res_country_state_52"
"__export__.nstda_ccsc_m_eamphur_105","เขตจอมทอง","__export__.res_country_state_52"
"__export__.nstda_ccsc_m_eamphur_106","เขตดอนเมือง","__export__.res_country_state_52"
"__export__.nstda_ccsc_m_eamphur_107","เขตดินแดง","__export__.res_country_state_52"
"__export__.nstda_ccsc_m_eamphur_108","เขตดุสิต","__export__.res_country_state_52"
"__export__.nstda_ccsc_m_eamphur_109","เขตตลิ่งชัน","__export__.res_country_state_52"
"__export__.nstda_ccsc_m_eamphur_110","เขตทวีวัฒนา","__export__.res_country_state_52"
"__export__.nstda_ccsc_m_eamphur_111","เขตทุ่งครุ","__export__.res_country_state_52"
"__export__.nstda_ccsc_m_eamphur_112","เขตธนบุรี","__export__.res_country_state_52"
"__export__.nstda_ccsc_m_eamphur_113","เขตบางเขน","__export__.res_country_state_52"
"__export__.nstda_ccsc_m_eamphur_114","เขตบางแค","__export__.res_country_state_52"
"__export__.nstda_ccsc_m_eamphur_115","เขตบางกอกใหญ่","__export__.res_country_state_52"
"__export__.nstda_ccsc_m_eamphur_116","เขตบางกอกน้อย","__export__.res_country_state_52"
"__export__.nstda_ccsc_m_eamphur_117","เขตบางกะปิ","__export__.res_country_state_52"
"__export__.nstda_ccsc_m_eamphur_118","เขตบางขุนเทียน","__export__.res_country_state_52"
"__export__.nstda_ccsc_m_eamphur_119","เขตบางคอแหลม","__export__.res_country_state_52"
"__export__.nstda_ccsc_m_eamphur_120","เขตบางซื่อ","__export__.res_country_state_52"
"__export__.nstda_ccsc_m_eamphur_121","เขตบางนา","__export__.res_country_state_52"
"__export__.nstda_ccsc_m_eamphur_122","เขตบางบอน","__export__.res_country_state_52"
"__export__.nstda_ccsc_m_eamphur_123","เขตบางพลัด","__export__.res_country_state_52"
"__export__.nstda_ccsc_m_eamphur_124","เขตบางรัก","__export__.res_country_state_52"
"__export__.nstda_ccsc_m_eamphur_125","เขตบึงกุ่ม","__export__.res_country_state_52"
"__export__.nstda_ccsc_m_eamphur_126","เขตปทุมวัน","__export__.res_country_state_52"
"__export__.nstda_ccsc_m_eamphur_127","เขตประเวศ","__export__.res_country_state_52"
"__export__.nstda_ccsc_m_eamphur_128","เขตป้อมปราบศัตรูพ่าย","__export__.res_country_state_52"
"__export__.nstda_ccsc_m_eamphur_129","เขตพญาไท","__export__.res_country_state_52"
"__export__.nstda_ccsc_m_eamphur_130","เขตพระโขนง","__export__.res_country_state_52"
"__export__.nstda_ccsc_m_eamphur_131","เขตพระนคร","__export__.res_country_state_52"
"__export__.nstda_ccsc_m_eamphur_132","เขตภาษีเจริญ","__export__.res_country_state_52"
"__export__.nstda_ccsc_m_eamphur_133","เขตมีนบุรี","__export__.res_country_state_52"
"__export__.nstda_ccsc_m_eamphur_134","เขตยานนาวา","__export__.res_country_state_52"
"__export__.nstda_ccsc_m_eamphur_135","เขตราชเทวี","__export__.res_country_state_52"
"__export__.nstda_ccsc_m_eamphur_136","เขตราษฎร์บูรณะ","__export__.res_country_state_52"
"__export__.nstda_ccsc_m_eamphur_137","เขตลาดกระบัง","__export__.res_country_state_52"
"__export__.nstda_ccsc_m_eamphur_138","เขตลาดพร้าว","__export__.res_country_state_52"
"__export__.nstda_ccsc_m_eamphur_139","เขตวังทองหลาง","__export__.res_country_state_52"
"__export__.nstda_ccsc_m_eamphur_140","เขตวัฒนา","__export__.res_country_state_52"
"__export__.nstda_ccsc_m_eamphur_141","เขตสวนหลวง","__export__.res_country_state_52"
"__export__.nstda_ccsc_m_eamphur_142","เขตสะพานสูง","__export__.res_country_state_52"
"__export__.nstda_ccsc_m_eamphur_143","เขตสัมพันธวงศ์","__export__.res_country_state_52"
"__export__.nstda_ccsc_m_eamphur_144","เขตสาทร","__export__.res_country_state_52"
"__export__.nstda_ccsc_m_eamphur_145","เขตสายไหม","__export__.res_country_state_52"
"__export__.nstda_ccsc_m_eamphur_146","เขตหนองแขม","__export__.res_country_state_52"
"__export__.nstda_ccsc_m_eamphur_147","เขตหนองจอก","__export__.res_country_state_52"
"__export__.nstda_ccsc_m_eamphur_148","เขตหลักสี่","__export__.res_country_state_52"
"__export__.nstda_ccsc_m_eamphur_149","เขตห้วยขวาง","__export__.res_country_state_52"
"__export__.nstda_ccsc_m_eamphur_150","อ.เมืองกาญจนบุรี","__export__.res_country_state_54"
"__export__.nstda_ccsc_m_eamphur_151","อ.เลาขวัญ","__export__.res_country_state_54"
"__export__.nstda_ccsc_m_eamphur_152","อ.ไทรโยค","__export__.res_country_state_54"
"__export__.nstda_ccsc_m_eamphur_153","อ.ด่านมะขามเตี้ย","__export__.res_country_state_54"
"__export__.nstda_ccsc_m_eamphur_154","อ.ทองผาภูมิ","__export__.res_country_state_54"
"__export__.nstda_ccsc_m_eamphur_155","อ.ท่าม่วง","__export__.res_country_state_54"
"__export__.nstda_ccsc_m_eamphur_156","อ.ท่ามะกา","__export__.res_country_state_54"
"__export__.nstda_ccsc_m_eamphur_157","อ.บ่อพลอย","__export__.res_country_state_54"
"__export__.nstda_ccsc_m_eamphur_158","อ.พนมทวน","__export__.res_country_state_54"
"__export__.nstda_ccsc_m_eamphur_159","อ.ศรีสวัสดิ์","__export__.res_country_state_54"
"__export__.nstda_ccsc_m_eamphur_160","อ.สังขละบุรี","__export__.res_country_state_54"
"__export__.nstda_ccsc_m_eamphur_161","อ.หนองปรือ","__export__.res_country_state_54"
"__export__.nstda_ccsc_m_eamphur_162","อ.ห้วยกระเจา","__export__.res_country_state_54"
"__export__.nstda_ccsc_m_eamphur_163","อ.เขาวง","__export__.res_country_state_55"
"__export__.nstda_ccsc_m_eamphur_164","อ.เมืองกาฬสินธุ์","__export__.res_country_state_55"
"__export__.nstda_ccsc_m_eamphur_165","อ.กมลาไสย","__export__.res_country_state_55"
"__export__.nstda_ccsc_m_eamphur_166","อ.กุฉินารายณ์","__export__.res_country_state_55"
"__export__.nstda_ccsc_m_eamphur_167","อ.คำม่วง","__export__.res_country_state_55"
"__export__.nstda_ccsc_m_eamphur_168","อ.ฆ้องชัย","__export__.res_country_state_55"
"__export__.nstda_ccsc_m_eamphur_169","อ.ดอนจาน","__export__.res_country_state_55"
"__export__.nstda_ccsc_m_eamphur_170","อ.ท่าคันโท","__export__.res_country_state_55"
"__export__.nstda_ccsc_m_eamphur_171","อ.นาคู","__export__.res_country_state_55"
"__export__.nstda_ccsc_m_eamphur_172","อ.นามน","__export__.res_country_state_55"
"__export__.nstda_ccsc_m_eamphur_173","อ.ยางตลาด","__export__.res_country_state_55"
"__export__.nstda_ccsc_m_eamphur_174","อ.ร่องคำ","__export__.res_country_state_55"
"__export__.nstda_ccsc_m_eamphur_175","อ.สมเด็จ","__export__.res_country_state_55"
"__export__.nstda_ccsc_m_eamphur_176","อ.สหัสขันธ์","__export__.res_country_state_55"
"__export__.nstda_ccsc_m_eamphur_177","อ.สามชัย","__export__.res_country_state_55"
"__export__.nstda_ccsc_m_eamphur_178","อ.หนองกุงศรี","__export__.res_country_state_55"
"__export__.nstda_ccsc_m_eamphur_179","อ.ห้วยเม็ก","__export__.res_country_state_55"
"__export__.nstda_ccsc_m_eamphur_180","อ.ห้วยผึ้ง","__export__.res_country_state_55"
"__export__.nstda_ccsc_m_eamphur_181","อ.เมืองกำแพงเพชร","__export__.res_country_state_56"
"__export__.nstda_ccsc_m_eamphur_182","อ.โกสัมพีนคร","__export__.res_country_state_56"
"__export__.nstda_ccsc_m_eamphur_183","อ.ไทรงาม","__export__.res_country_state_56"
"__export__.nstda_ccsc_m_eamphur_184","อ.ขาณุวรลักษบุรี","__export__.res_country_state_56"
"__export__.nstda_ccsc_m_eamphur_185","อ.คลองขลุง","__export__.res_country_state_56"
"__export__.nstda_ccsc_m_eamphur_186","อ.คลองลาน","__export__.res_country_state_56"
"__export__.nstda_ccsc_m_eamphur_187","อ.ทรายทองวัฒนา","__export__.res_country_state_56"
"__export__.nstda_ccsc_m_eamphur_188","อ.บึงสามัคคี","__export__.res_country_state_56"
"__export__.nstda_ccsc_m_eamphur_189","อ.ปางศิลาทอง","__export__.res_country_state_56"
"__export__.nstda_ccsc_m_eamphur_190","อ.พรานกระต่าย","__export__.res_country_state_56"
"__export__.nstda_ccsc_m_eamphur_191","อ.ลานกระบือ","__export__.res_country_state_56"
"__export__.nstda_ccsc_m_eamphur_192","อ.เขาสวนกวาง","__export__.res_country_state_57"
"__export__.nstda_ccsc_m_eamphur_193","อ.เปือยน้อย","__export__.res_country_state_57"
"__export__.nstda_ccsc_m_eamphur_194","อ.เมืองขอนแก่น","__export__.res_country_state_57"
"__export__.nstda_ccsc_m_eamphur_195","อ.เวียงเก่า","__export__.res_country_state_57"
"__export__.nstda_ccsc_m_eamphur_196","อ.แวงใหญ่","__export__.res_country_state_57"
"__export__.nstda_ccsc_m_eamphur_197","อ.แวงน้อย","__export__.res_country_state_57"
"__export__.nstda_ccsc_m_eamphur_198","อ.โคกโพธิ์ไชย","__export__.res_country_state_57"
"__export__.nstda_ccsc_m_eamphur_199","อ.โนนศิลา","__export__.res_country_state_57"
"__export__.nstda_ccsc_m_eamphur_200","อ.กระนวน","__export__.res_country_state_57"
"__export__.nstda_ccsc_m_eamphur_201","อ.ชนบท","__export__.res_country_state_57"
"__export__.nstda_ccsc_m_eamphur_202","อ.ชุมแพ","__export__.res_country_state_57"
"__export__.nstda_ccsc_m_eamphur_203","อ.ซำสูง","__export__.res_country_state_57"
"__export__.nstda_ccsc_m_eamphur_204","อ.น้ำพอง","__export__.res_country_state_57"
"__export__.nstda_ccsc_m_eamphur_205","อ.บ้านแฮด","__export__.res_country_state_57"
"__export__.nstda_ccsc_m_eamphur_206","อ.บ้านไผ่","__export__.res_country_state_57"
"__export__.nstda_ccsc_m_eamphur_207","อ.บ้านฝาง","__export__.res_country_state_57"
"__export__.nstda_ccsc_m_eamphur_208","อ.พระยืน","__export__.res_country_state_57"
"__export__.nstda_ccsc_m_eamphur_209","อ.พล","__export__.res_country_state_57"
"__export__.nstda_ccsc_m_eamphur_210","อ.ภูเวียง","__export__.res_country_state_57"
"__export__.nstda_ccsc_m_eamphur_211","อ.ภูผาม่าน","__export__.res_country_state_57"
"__export__.nstda_ccsc_m_eamphur_212","อ.มัญจาคีรี","__export__.res_country_state_57"
"__export__.nstda_ccsc_m_eamphur_213","อ.สีชมพู","__export__.res_country_state_57"
"__export__.nstda_ccsc_m_eamphur_214","อ.หนองเรือ","__export__.res_country_state_57"
"__export__.nstda_ccsc_m_eamphur_215","อ.หนองนาคำ","__export__.res_country_state_57"
"__export__.nstda_ccsc_m_eamphur_216","อ.หนองสองห้อง","__export__.res_country_state_57"
"__export__.nstda_ccsc_m_eamphur_217","อ.อุบลรัตน์","__export__.res_country_state_57"
"__export__.nstda_ccsc_m_eamphur_218","อ.เขาคิชฌกูฏ","__export__.res_country_state_58"
"__export__.nstda_ccsc_m_eamphur_219","อ.เมืองจันทบุรี","__export__.res_country_state_58"
"__export__.nstda_ccsc_m_eamphur_220","อ.แก่งหางแมว","__export__.res_country_state_58"
"__export__.nstda_ccsc_m_eamphur_221","อ.แหลมสิงห์","__export__.res_country_state_58"
"__export__.nstda_ccsc_m_eamphur_222","อ.โป่งน้ำร้อน","__export__.res_country_state_58"
"__export__.nstda_ccsc_m_eamphur_223","อ.ขลุง","__export__.res_country_state_58"
"__export__.nstda_ccsc_m_eamphur_224","อ.ท่าใหม่","__export__.res_country_state_58"
"__export__.nstda_ccsc_m_eamphur_225","อ.นายายอาม","__export__.res_country_state_58"
"__export__.nstda_ccsc_m_eamphur_226","อ.มะขาม","__export__.res_country_state_58"
"__export__.nstda_ccsc_m_eamphur_227","อ.สอยดาว","__export__.res_country_state_58"
"__export__.nstda_ccsc_m_eamphur_228","อ.เมืองฉะเชิงเทรา","__export__.res_country_state_59"
"__export__.nstda_ccsc_m_eamphur_229","อ.แปลงยาว","__export__.res_country_state_59"
"__export__.nstda_ccsc_m_eamphur_230","อ.คลองเขื่อน","__export__.res_country_state_59"
"__export__.nstda_ccsc_m_eamphur_231","อ.ท่าตะเกียบ","__export__.res_country_state_59"
"__export__.nstda_ccsc_m_eamphur_232","อ.บางคล้า","__export__.res_country_state_59"
"__export__.nstda_ccsc_m_eamphur_233","อ.บางน้ำเปรี้ยว","__export__.res_country_state_59"
"__export__.nstda_ccsc_m_eamphur_234","อ.บางปะกง","__export__.res_country_state_59"
"__export__.nstda_ccsc_m_eamphur_235","อ.บ้านโพธิ์","__export__.res_country_state_59"
"__export__.nstda_ccsc_m_eamphur_236","อ.พนมสารคาม","__export__.res_country_state_59"
"__export__.nstda_ccsc_m_eamphur_237","อ.ราชสาส์น","__export__.res_country_state_59"
"__export__.nstda_ccsc_m_eamphur_238","อ.สนามชัย","__export__.res_country_state_59"
"__export__.nstda_ccsc_m_eamphur_239","อ.เกาะจันทร์","__export__.res_country_state_60"
"__export__.nstda_ccsc_m_eamphur_240","อ.เกาะสีชัง","__export__.res_country_state_60"
"__export__.nstda_ccsc_m_eamphur_241","อ.เมืองชลบุรี","__export__.res_country_state_60"
"__export__.nstda_ccsc_m_eamphur_242","อ.บ่อทอง","__export__.res_country_state_60"
"__export__.nstda_ccsc_m_eamphur_243","อ.บางละมุง","__export__.res_country_state_60"
"__export__.nstda_ccsc_m_eamphur_244","อ.บ้านบึง","__export__.res_country_state_60"
"__export__.nstda_ccsc_m_eamphur_245","อ.พนัสนิคม","__export__.res_country_state_60"
"__export__.nstda_ccsc_m_eamphur_246","อ.พานทอง","__export__.res_country_state_60"
"__export__.nstda_ccsc_m_eamphur_247","อ.ศรีราชา","__export__.res_country_state_60"
"__export__.nstda_ccsc_m_eamphur_248","อ.สัตหีบ","__export__.res_country_state_60"
"__export__.nstda_ccsc_m_eamphur_249","อ.หนองใหญ่","__export__.res_country_state_60"
"__export__.nstda_ccsc_m_eamphur_250","อ.เนินขาม","__export__.res_country_state_61"
"__export__.nstda_ccsc_m_eamphur_251","อ.เมืองชัยนาท","__export__.res_country_state_61"
"__export__.nstda_ccsc_m_eamphur_252","อ.มโนรมย์","__export__.res_country_state_61"
"__export__.nstda_ccsc_m_eamphur_253","อ.วัดสิงห์","__export__.res_country_state_61"
"__export__.nstda_ccsc_m_eamphur_254","อ.สรรคบุรี","__export__.res_country_state_61"
"__export__.nstda_ccsc_m_eamphur_255","อ.สรรพยา","__export__.res_country_state_61"
"__export__.nstda_ccsc_m_eamphur_256","อ.หนองมะโมง","__export__.res_country_state_61"
"__export__.nstda_ccsc_m_eamphur_257","อ.หันคา","__export__.res_country_state_61"
"__export__.nstda_ccsc_m_eamphur_258","อ.เกษตรสมบูรณ์","__export__.res_country_state_62"
"__export__.nstda_ccsc_m_eamphur_259","อ.เทพสถิต","__export__.res_country_state_62"
"__export__.nstda_ccsc_m_eamphur_260","อ.เนินสง่า","__export__.res_country_state_62"
"__export__.nstda_ccsc_m_eamphur_261","อ.เมืองชัยภูมิ","__export__.res_country_state_62"
"__export__.nstda_ccsc_m_eamphur_262","อ.แก้งคร้อ","__export__.res_country_state_62"
"__export__.nstda_ccsc_m_eamphur_263","อ.คอนสวรรค์","__export__.res_country_state_62"
"__export__.nstda_ccsc_m_eamphur_264","อ.คอนสาร","__export__.res_country_state_62"
"__export__.nstda_ccsc_m_eamphur_265","อ.จัตุรัส","__export__.res_country_state_62"
"__export__.nstda_ccsc_m_eamphur_266","อ.ซับใหญ่","__export__.res_country_state_62"
"__export__.nstda_ccsc_m_eamphur_267","อ.บ้านเขว้า","__export__.res_country_state_62"
"__export__.nstda_ccsc_m_eamphur_268","อ.บ้านแท่น","__export__.res_country_state_62"
"__export__.nstda_ccsc_m_eamphur_269","อ.บำเหน็จณรงค์","__export__.res_country_state_62"
"__export__.nstda_ccsc_m_eamphur_270","อ.ภักดีชุมพล","__export__.res_country_state_62"
"__export__.nstda_ccsc_m_eamphur_271","อ.ภูเขียว","__export__.res_country_state_62"
"__export__.nstda_ccsc_m_eamphur_272","อ.หนองบัวแดง","__export__.res_country_state_62"
"__export__.nstda_ccsc_m_eamphur_273","อ.หนองบัวระเหว","__export__.res_country_state_62"
"__export__.nstda_ccsc_m_eamphur_274","อ.เมืองชุมพร","__export__.res_country_state_63"
"__export__.nstda_ccsc_m_eamphur_275","อ.ท่าแซะ","__export__.res_country_state_63"
"__export__.nstda_ccsc_m_eamphur_276","อ.ทุ่งตะโก","__export__.res_country_state_63"
"__export__.nstda_ccsc_m_eamphur_277","อ.ปะทิว","__export__.res_country_state_63"
"__export__.nstda_ccsc_m_eamphur_278","อ.พะโต๊ะ","__export__.res_country_state_63"
"__export__.nstda_ccsc_m_eamphur_279","อ.ละแม","__export__.res_country_state_63"
"__export__.nstda_ccsc_m_eamphur_280","อ.สวี","__export__.res_country_state_63"
"__export__.nstda_ccsc_m_eamphur_281","อ.หลังสวน","__export__.res_country_state_63"
"__export__.nstda_ccsc_m_eamphur_282","อ.เมืองตรัง","__export__.res_country_state_66"
"__export__.nstda_ccsc_m_eamphur_283","อ.กันตัง","__export__.res_country_state_66"
"__export__.nstda_ccsc_m_eamphur_284","อ.นาโยง","__export__.res_country_state_66"
"__export__.nstda_ccsc_m_eamphur_285","อ.ปะเหลียน","__export__.res_country_state_66"
"__export__.nstda_ccsc_m_eamphur_286","อ.ย่านตาขาว","__export__.res_country_state_66"
"__export__.nstda_ccsc_m_eamphur_287","อ.รัษฎา","__export__.res_country_state_66"
"__export__.nstda_ccsc_m_eamphur_288","อ.วังวิเศษ","__export__.res_country_state_66"
"__export__.nstda_ccsc_m_eamphur_289","อ.สิเกา","__export__.res_country_state_66"
"__export__.nstda_ccsc_m_eamphur_290","อ.ห้วยยอด","__export__.res_country_state_66"
"__export__.nstda_ccsc_m_eamphur_291","อ.หาดสำราญ","__export__.res_country_state_66"
"__export__.nstda_ccsc_m_eamphur_292","อ.เกาะกูด","__export__.res_country_state_67"
"__export__.nstda_ccsc_m_eamphur_293","อ.เกาะช้าง","__export__.res_country_state_67"
"__export__.nstda_ccsc_m_eamphur_294","อ.เขาสมิง","__export__.res_country_state_67"
"__export__.nstda_ccsc_m_eamphur_295","อ.เมืองตราด","__export__.res_country_state_67"
"__export__.nstda_ccsc_m_eamphur_296","อ.แหลมงอบ","__export__.res_country_state_67"
"__export__.nstda_ccsc_m_eamphur_297","อ.คลองใหญ่","__export__.res_country_state_67"
"__export__.nstda_ccsc_m_eamphur_298","อ.บ่อไร่","__export__.res_country_state_67"
"__export__.nstda_ccsc_m_eamphur_299","อ.เมืองตาก","__export__.res_country_state_68"
"__export__.nstda_ccsc_m_eamphur_300","อ.แม่ระมาด","__export__.res_country_state_68"
"__export__.nstda_ccsc_m_eamphur_301","อ.แม่สอด","__export__.res_country_state_68"
"__export__.nstda_ccsc_m_eamphur_302","อ.ท่าสองยาง","__export__.res_country_state_68"
"__export__.nstda_ccsc_m_eamphur_303","อ.บ้านตาก","__export__.res_country_state_68"
"__export__.nstda_ccsc_m_eamphur_304","อ.พบพระ","__export__.res_country_state_68"
"__export__.nstda_ccsc_m_eamphur_305","อ.วังเจ้า","__export__.res_country_state_68"
"__export__.nstda_ccsc_m_eamphur_306","อ.สามเงา","__export__.res_country_state_68"
"__export__.nstda_ccsc_m_eamphur_307","อ.อุ้มผาง","__export__.res_country_state_68"
"__export__.nstda_ccsc_m_eamphur_308","อ.เมืองนครนายก","__export__.res_country_state_69"
"__export__.nstda_ccsc_m_eamphur_309","อ.บ้านนา","__export__.res_country_state_69"
"__export__.nstda_ccsc_m_eamphur_310","อ.ปากพลี","__export__.res_country_state_69"
"__export__.nstda_ccsc_m_eamphur_311","อ.องครักษ์","__export__.res_country_state_69"
"__export__.nstda_ccsc_m_eamphur_312","อ.เมืองนครปฐม","__export__.res_country_state_70"
"__export__.nstda_ccsc_m_eamphur_313","อ.กำแพงแสน","__export__.res_country_state_70"
"__export__.nstda_ccsc_m_eamphur_314","อ.ดอนตูม","__export__.res_country_state_70"
"__export__.nstda_ccsc_m_eamphur_315","อ.นครชัยศรี","__export__.res_country_state_70"
"__export__.nstda_ccsc_m_eamphur_316","อ.บางเลน","__export__.res_country_state_70"
"__export__.nstda_ccsc_m_eamphur_317","อ.พุทธมณฑล","__export__.res_country_state_70"
"__export__.nstda_ccsc_m_eamphur_318","อ.สามพราน","__export__.res_country_state_70"
"__export__.nstda_ccsc_m_eamphur_319","อ.เมืองนครพนม","__export__.res_country_state_71"
"__export__.nstda_ccsc_m_eamphur_320","อ.เรณูนคร","__export__.res_country_state_71"
"__export__.nstda_ccsc_m_eamphur_321","อ.โพนสวรรค์","__export__.res_country_state_71"
"__export__.nstda_ccsc_m_eamphur_322","อ.ท่าอุเทน","__export__.res_country_state_71"
"__export__.nstda_ccsc_m_eamphur_323","อ.ธาตุพนม","__export__.res_country_state_71"
"__export__.nstda_ccsc_m_eamphur_324","อ.นาแก","__export__.res_country_state_71"
"__export__.nstda_ccsc_m_eamphur_325","อ.นาทม","__export__.res_country_state_71"
"__export__.nstda_ccsc_m_eamphur_326","อ.นาหว้า","__export__.res_country_state_71"
"__export__.nstda_ccsc_m_eamphur_327","อ.บ้านแพง","__export__.res_country_state_71"
"__export__.nstda_ccsc_m_eamphur_328","อ.ปลาปาก","__export__.res_country_state_71"
"__export__.nstda_ccsc_m_eamphur_329","อ.วังยาง","__export__.res_country_state_71"
"__export__.nstda_ccsc_m_eamphur_330","อ.ศรีสงคราม","__export__.res_country_state_71"
"__export__.nstda_ccsc_m_eamphur_331","อ.เฉลิมพระเกียรติ","__export__.res_country_state_72"
"__export__.nstda_ccsc_m_eamphur_332","อ.เทพารักษ์","__export__.res_country_state_72"
"__export__.nstda_ccsc_m_eamphur_333","อ.เมืองนครราชสีมา","__export__.res_country_state_72"
"__export__.nstda_ccsc_m_eamphur_334","อ.เมืองยาง","__export__.res_country_state_72"
"__export__.nstda_ccsc_m_eamphur_335","อ.เสิงสาง","__export__.res_country_state_72"
"__export__.nstda_ccsc_m_eamphur_336","อ.แก้งสนามนาง","__export__.res_country_state_72"
"__export__.nstda_ccsc_m_eamphur_337","อ.โชคชัย","__export__.res_country_state_72"
"__export__.nstda_ccsc_m_eamphur_338","อ.โนนแดง","__export__.res_country_state_72"
"__export__.nstda_ccsc_m_eamphur_339","อ.โนนไทย","__export__.res_country_state_72"
"__export__.nstda_ccsc_m_eamphur_340","อ.โนนสูง","__export__.res_country_state_72"
"__export__.nstda_ccsc_m_eamphur_341","อ.ขามทะเลสอ","__export__.res_country_state_72"
"__export__.nstda_ccsc_m_eamphur_342","อ.ขามสะแกแสง","__export__.res_country_state_72"
"__export__.nstda_ccsc_m_eamphur_343","อ.คง","__export__.res_country_state_72"
"__export__.nstda_ccsc_m_eamphur_344","อ.ครบุรี","__export__.res_country_state_72"
"__export__.nstda_ccsc_m_eamphur_345","อ.จักราช","__export__.res_country_state_72"
"__export__.nstda_ccsc_m_eamphur_346","อ.ชุมพวง","__export__.res_country_state_72"
"__export__.nstda_ccsc_m_eamphur_347","อ.ด่านขุนทด","__export__.res_country_state_72"
"__export__.nstda_ccsc_m_eamphur_348","อ.บัวใหญ่","__export__.res_country_state_72"
"__export__.nstda_ccsc_m_eamphur_349","อ.บัวลาย","__export__.res_country_state_72"
"__export__.nstda_ccsc_m_eamphur_350","อ.บ้านเหลื่อม","__export__.res_country_state_72"
"__export__.nstda_ccsc_m_eamphur_351","อ.ประทาย","__export__.res_country_state_72"
"__export__.nstda_ccsc_m_eamphur_352","อ.ปักธงชัย","__export__.res_country_state_72"
"__export__.nstda_ccsc_m_eamphur_353","อ.ปากช่อง","__export__.res_country_state_72"
"__export__.nstda_ccsc_m_eamphur_354","อ.พระทองคำ","__export__.res_country_state_72"
"__export__.nstda_ccsc_m_eamphur_355","อ.พิมาย","__export__.res_country_state_72"
"__export__.nstda_ccsc_m_eamphur_356","อ.ลำทะเมนชัย","__export__.res_country_state_72"
"__export__.nstda_ccsc_m_eamphur_357","อ.วังน้ำเขียว","__export__.res_country_state_72"
"__export__.nstda_ccsc_m_eamphur_358","อ.สีคิ้ว","__export__.res_country_state_72"
"__export__.nstda_ccsc_m_eamphur_359","อ.สีดา","__export__.res_country_state_72"
"__export__.nstda_ccsc_m_eamphur_360","อ.สูงเนิน","__export__.res_country_state_72"
"__export__.nstda_ccsc_m_eamphur_361","อ.หนองบุญมาก","__export__.res_country_state_72"
"__export__.nstda_ccsc_m_eamphur_362","อ.ห้วยแถลง","__export__.res_country_state_72"
"__export__.nstda_ccsc_m_eamphur_363","อ.เฉลิมพระเกียรติ","__export__.res_country_state_73"
"__export__.nstda_ccsc_m_eamphur_364","อ.เชียรใหญ่","__export__.res_country_state_73"
"__export__.nstda_ccsc_m_eamphur_365","อ.เมืองนครศรีธรรมราช","__export__.res_country_state_73"
"__export__.nstda_ccsc_m_eamphur_366","อ.ขนอม","__export__.res_country_state_73"
"__export__.nstda_ccsc_m_eamphur_367","อ.จุฬาภรณ์","__export__.res_country_state_73"
"__export__.nstda_ccsc_m_eamphur_368","อ.ฉวาง","__export__.res_country_state_73"
"__export__.nstda_ccsc_m_eamphur_369","อ.ชะอวด","__export__.res_country_state_73"
"__export__.nstda_ccsc_m_eamphur_370","อ.ช้างกลาง","__export__.res_country_state_73"
"__export__.nstda_ccsc_m_eamphur_371","อ.ถ้ำพรรณรา","__export__.res_country_state_73"
"__export__.nstda_ccsc_m_eamphur_372","อ.ท่าศาลา","__export__.res_country_state_73"
"__export__.nstda_ccsc_m_eamphur_373","อ.ทุ่งใหญ่","__export__.res_country_state_73"
"__export__.nstda_ccsc_m_eamphur_374","อ.ทุ่งสง","__export__.res_country_state_73"
"__export__.nstda_ccsc_m_eamphur_375","อ.นบพิตำ","__export__.res_country_state_73"
"__export__.nstda_ccsc_m_eamphur_376","อ.นาบอน","__export__.res_country_state_73"
"__export__.nstda_ccsc_m_eamphur_377","อ.บางขัน","__export__.res_country_state_73"
"__export__.nstda_ccsc_m_eamphur_378","อ.ปากพนัง","__export__.res_country_state_73"
"__export__.nstda_ccsc_m_eamphur_379","อ.พรหมคีรี","__export__.res_country_state_73"
"__export__.nstda_ccsc_m_eamphur_380","อ.พระพรหม","__export__.res_country_state_73"
"__export__.nstda_ccsc_m_eamphur_381","อ.พิปูน","__export__.res_country_state_73"
"__export__.nstda_ccsc_m_eamphur_382","อ.ร่อนพิบูลย์","__export__.res_country_state_73"
"__export__.nstda_ccsc_m_eamphur_383","อ.ลานสกา","__export__.res_country_state_73"
"__export__.nstda_ccsc_m_eamphur_384","อ.สิชล","__export__.res_country_state_73"
"__export__.nstda_ccsc_m_eamphur_385","อ.หัวไทร","__export__.res_country_state_73"
"__export__.nstda_ccsc_m_eamphur_386","อ.เก้าเลี้ยว","__export__.res_country_state_74"
"__export__.nstda_ccsc_m_eamphur_387","อ.เมืองนครสวรรค์","__export__.res_country_state_74"
"__export__.nstda_ccsc_m_eamphur_388","อ.แม่เปิน","__export__.res_country_state_74"
"__export__.nstda_ccsc_m_eamphur_389","อ.แม่วงก์","__export__.res_country_state_74"
"__export__.nstda_ccsc_m_eamphur_390","อ.โกรกพระ","__export__.res_country_state_74"
"__export__.nstda_ccsc_m_eamphur_391","อ.ไพศาลี","__export__.res_country_state_74"
"__export__.nstda_ccsc_m_eamphur_392","อ.ชุมแสง","__export__.res_country_state_74"
"__export__.nstda_ccsc_m_eamphur_393","อ.ชุมตาบง","__export__.res_country_state_74"
"__export__.nstda_ccsc_m_eamphur_394","อ.ตากฟ้า","__export__.res_country_state_74"
"__export__.nstda_ccsc_m_eamphur_395","อ.ตาคลี","__export__.res_country_state_74"
"__export__.nstda_ccsc_m_eamphur_396","อ.ท่าตะโก","__export__.res_country_state_74"
"__export__.nstda_ccsc_m_eamphur_397","อ.บรรพตพิสัย","__export__.res_country_state_74"
"__export__.nstda_ccsc_m_eamphur_398","อ.พยุหะคีรี","__export__.res_country_state_74"
"__export__.nstda_ccsc_m_eamphur_399","อ.ลาดยาว","__export__.res_country_state_74"
"__export__.nstda_ccsc_m_eamphur_400","อ.หนองบัว","__export__.res_country_state_74"
"__export__.nstda_ccsc_m_eamphur_401","อ.เมืองนนทบุรี","__export__.res_country_state_75"
"__export__.nstda_ccsc_m_eamphur_402","อ.ไทรน้อย","__export__.res_country_state_75"
"__export__.nstda_ccsc_m_eamphur_403","อ.บางใหญ่","__export__.res_country_state_75"
"__export__.nstda_ccsc_m_eamphur_404","อ.บางกรวย","__export__.res_country_state_75"
"__export__.nstda_ccsc_m_eamphur_405","อ.บางบัวทอง","__export__.res_country_state_75"
"__export__.nstda_ccsc_m_eamphur_406","อ.ปากเกร็ด","__export__.res_country_state_75"
"__export__.nstda_ccsc_m_eamphur_407","อ.เจาะไอร้อง","__export__.res_country_state_76"
"__export__.nstda_ccsc_m_eamphur_408","อ.เมืองนราธิวาส","__export__.res_country_state_76"
"__export__.nstda_ccsc_m_eamphur_409","อ.แว้ง","__export__.res_country_state_76"
"__export__.nstda_ccsc_m_eamphur_410","อ.จะแนะ","__export__.res_country_state_76"
"__export__.nstda_ccsc_m_eamphur_411","อ.ตากใบ","__export__.res_country_state_76"
"__export__.nstda_ccsc_m_eamphur_412","อ.บาเจาะ","__export__.res_country_state_76"
"__export__.nstda_ccsc_m_eamphur_413","อ.ยี่งอ","__export__.res_country_state_76"
"__export__.nstda_ccsc_m_eamphur_414","อ.ระแงะ","__export__.res_country_state_76"
"__export__.nstda_ccsc_m_eamphur_415","อ.รือเสาะ","__export__.res_country_state_76"
"__export__.nstda_ccsc_m_eamphur_416","อ.ศรีสาคร","__export__.res_country_state_76"
"__export__.nstda_ccsc_m_eamphur_417","อ.สุไหงโกลก","__export__.res_country_state_76"
"__export__.nstda_ccsc_m_eamphur_418","อ.สุไหงปาดี","__export__.res_country_state_76"
"__export__.nstda_ccsc_m_eamphur_419","อ.สุคิริน","__export__.res_country_state_76"
"__export__.nstda_ccsc_m_eamphur_420","อ.เฉลิมพระเกียรติ","__export__.res_country_state_77"
"__export__.nstda_ccsc_m_eamphur_421","อ.เชียงกลาง","__export__.res_country_state_77"
"__export__.nstda_ccsc_m_eamphur_422","อ.เมืองน่าน","__export__.res_country_state_77"
"__export__.nstda_ccsc_m_eamphur_423","อ.เวียงสา","__export__.res_country_state_77"
"__export__.nstda_ccsc_m_eamphur_424","อ.แม่จริม","__export__.res_country_state_77"
"__export__.nstda_ccsc_m_eamphur_425","อ.ท่าวังผา","__export__.res_country_state_77"
"__export__.nstda_ccsc_m_eamphur_426","อ.ทุ่งช้าง","__export__.res_country_state_77"
"__export__.nstda_ccsc_m_eamphur_427","อ.นาน้อย","__export__.res_country_state_77"
"__export__.nstda_ccsc_m_eamphur_428","อ.นาหมื่น","__export__.res_country_state_77"
"__export__.nstda_ccsc_m_eamphur_429","อ.บ่อเกลือ","__export__.res_country_state_77"
"__export__.nstda_ccsc_m_eamphur_430","อ.บ้านหลวง","__export__.res_country_state_77"
"__export__.nstda_ccsc_m_eamphur_431","อ.ปัว","__export__.res_country_state_77"
"__export__.nstda_ccsc_m_eamphur_432","อ.ภูเพียง","__export__.res_country_state_77"
"__export__.nstda_ccsc_m_eamphur_433","อ.สองแคว","__export__.res_country_state_77"
"__export__.nstda_ccsc_m_eamphur_434","อ.สันติสุข","__export__.res_country_state_77"
"__export__.nstda_ccsc_m_eamphur_435","อ.เซกา","__export__.res_country_state_78"
"__export__.nstda_ccsc_m_eamphur_436","อ.เมืองบึงกาฬ","__export__.res_country_state_78"
"__export__.nstda_ccsc_m_eamphur_437","อ.โซ่พิสัย","__export__.res_country_state_78"
"__export__.nstda_ccsc_m_eamphur_438","อ.บึงโขงหลง","__export__.res_country_state_78"
"__export__.nstda_ccsc_m_eamphur_439","อ.บุ่งคล้า","__export__.res_country_state_78"
"__export__.nstda_ccsc_m_eamphur_440","อ.ปากคาด","__export__.res_country_state_78"
"__export__.nstda_ccsc_m_eamphur_441","อ.พรเจริญ","__export__.res_country_state_78"
"__export__.nstda_ccsc_m_eamphur_442","อ.ศรีวิไล","__export__.res_country_state_78"
"__export__.nstda_ccsc_m_eamphur_443","อ.เฉลิมพระเกียรติ","__export__.res_country_state_79"
"__export__.nstda_ccsc_m_eamphur_444","อ.เมืองบุรีรัมย์","__export__.res_country_state_79"
"__export__.nstda_ccsc_m_eamphur_445","อ.แคนดง","__export__.res_country_state_79"
"__export__.nstda_ccsc_m_eamphur_446","อ.โนนดินแดง","__export__.res_country_state_79"
"__export__.nstda_ccsc_m_eamphur_447","อ.โนนสุวรรณ","__export__.res_country_state_79"
"__export__.nstda_ccsc_m_eamphur_448","อ.กระสัง","__export__.res_country_state_79"
"__export__.nstda_ccsc_m_eamphur_449","อ.คูเมือง","__export__.res_country_state_79"
"__export__.nstda_ccsc_m_eamphur_450","อ.ชำนิ","__export__.res_country_state_79"
"__export__.nstda_ccsc_m_eamphur_451","อ.นาโพธิ์","__export__.res_country_state_79"
"__export__.nstda_ccsc_m_eamphur_452","อ.นางรอง","__export__.res_country_state_79"
"__export__.nstda_ccsc_m_eamphur_453","อ.บ้านใหม่ไชยพจน์","__export__.res_country_state_79"
"__export__.nstda_ccsc_m_eamphur_454","อ.บ้านกรวด","__export__.res_country_state_79"
"__export__.nstda_ccsc_m_eamphur_455","อ.บ้านด่าน","__export__.res_country_state_79"
"__export__.nstda_ccsc_m_eamphur_456","อ.ประโคนชัย","__export__.res_country_state_79"
"__export__.nstda_ccsc_m_eamphur_457","อ.ปะคำ","__export__.res_country_state_79"
"__export__.nstda_ccsc_m_eamphur_458","อ.พลับพลาชัย","__export__.res_country_state_79"
"__export__.nstda_ccsc_m_eamphur_459","อ.พุทไธสง","__export__.res_country_state_79"
"__export__.nstda_ccsc_m_eamphur_460","อ.ละหานทราย","__export__.res_country_state_79"
"__export__.nstda_ccsc_m_eamphur_461","อ.ลำปลายมาศ","__export__.res_country_state_79"
"__export__.nstda_ccsc_m_eamphur_462","อ.สตึก","__export__.res_country_state_79"
"__export__.nstda_ccsc_m_eamphur_463","อ.หนองกี่","__export__.res_country_state_79"
"__export__.nstda_ccsc_m_eamphur_464","อ.หนองหงส์","__export__.res_country_state_79"
"__export__.nstda_ccsc_m_eamphur_465","อ.ห้วยราช","__export__.res_country_state_79"
"__export__.nstda_ccsc_m_eamphur_466","อ.เมืองปทุมธานี","__export__.res_country_state_80"
"__export__.nstda_ccsc_m_eamphur_467","อ.คลองหลวง","__export__.res_country_state_80"
"__export__.nstda_ccsc_m_eamphur_468","อ.ธัญบุรี","__export__.res_country_state_80"
"__export__.nstda_ccsc_m_eamphur_469","อ.ลาดหลุมแก้ว","__export__.res_country_state_80"
"__export__.nstda_ccsc_m_eamphur_470","อ.ลำลูกกา","__export__.res_country_state_80"
"__export__.nstda_ccsc_m_eamphur_471","อ.สามโคก","__export__.res_country_state_80"
"__export__.nstda_ccsc_m_eamphur_472","อ.หนองเสือ","__export__.res_country_state_80"
"__export__.nstda_ccsc_m_eamphur_473","อ.เมืองประจวบคีรีขันธ์","__export__.res_country_state_81"
"__export__.nstda_ccsc_m_eamphur_474","อ.กุยบุรี","__export__.res_country_state_81"
"__export__.nstda_ccsc_m_eamphur_475","อ.ทับสะแก","__export__.res_country_state_81"
"__export__.nstda_ccsc_m_eamphur_476","อ.บางสะพาน","__export__.res_country_state_81"
"__export__.nstda_ccsc_m_eamphur_477","อ.บางสะพานน้อย","__export__.res_country_state_81"
"__export__.nstda_ccsc_m_eamphur_478","อ.ปราณบุรี","__export__.res_country_state_81"
"__export__.nstda_ccsc_m_eamphur_479","อ.สามร้อยยอด","__export__.res_country_state_81"
"__export__.nstda_ccsc_m_eamphur_480","อ.หัวหิน","__export__.res_country_state_81"
"__export__.nstda_ccsc_m_eamphur_481","อ.เมืองปราจีนบุรี","__export__.res_country_state_82"
"__export__.nstda_ccsc_m_eamphur_482","อ.กบินทร์บุรี","__export__.res_country_state_82"
"__export__.nstda_ccsc_m_eamphur_483","อ.นาดี","__export__.res_country_state_82"
"__export__.nstda_ccsc_m_eamphur_484","อ.บ้านสร้าง","__export__.res_country_state_82"
"__export__.nstda_ccsc_m_eamphur_485","อ.ประจันตคาม","__export__.res_country_state_82"
"__export__.nstda_ccsc_m_eamphur_486","อ.ศรีมโหสถ","__export__.res_country_state_82"
"__export__.nstda_ccsc_m_eamphur_487","อ.ศรีมหาโพธิ","__export__.res_country_state_82"
"__export__.nstda_ccsc_m_eamphur_488","อ.เมืองปัตตานี","__export__.res_country_state_83"
"__export__.nstda_ccsc_m_eamphur_489","อ.แม่ลาน","__export__.res_country_state_83"
"__export__.nstda_ccsc_m_eamphur_490","อ.โคกโพธิ์","__export__.res_country_state_83"
"__export__.nstda_ccsc_m_eamphur_491","อ.ไม้แก่น","__export__.res_country_state_83"
"__export__.nstda_ccsc_m_eamphur_492","อ.กะพ้อ","__export__.res_country_state_83"
"__export__.nstda_ccsc_m_eamphur_493","อ.ทุ่งยางแดง","__export__.res_country_state_83"
"__export__.nstda_ccsc_m_eamphur_494","อ.ปะนาเระ","__export__.res_country_state_83"
"__export__.nstda_ccsc_m_eamphur_495","อ.มายอ","__export__.res_country_state_83"
"__export__.nstda_ccsc_m_eamphur_496","อ.ยะรัง","__export__.res_country_state_83"
"__export__.nstda_ccsc_m_eamphur_497","อ.ยะหริ่ง","__export__.res_country_state_83"
"__export__.nstda_ccsc_m_eamphur_498","อ.สายบุรี","__export__.res_country_state_83"
"__export__.nstda_ccsc_m_eamphur_499","อ.หนองจิก","__export__.res_country_state_83"
"__export__.nstda_ccsc_m_eamphur_500","อ.เสนา","__export__.res_country_state_85"
"__export__.nstda_ccsc_m_eamphur_501","อ.ท่าเรือ","__export__.res_country_state_85"
"__export__.nstda_ccsc_m_eamphur_502","อ.นครหลวง","__export__.res_country_state_85"
"__export__.nstda_ccsc_m_eamphur_503","อ.บางไทร","__export__.res_country_state_85"
"__export__.nstda_ccsc_m_eamphur_504","อ.บางซ้าย","__export__.res_country_state_85"
"__export__.nstda_ccsc_m_eamphur_505","อ.บางบาล","__export__.res_country_state_85"
"__export__.nstda_ccsc_m_eamphur_506","อ.บางปะหัน","__export__.res_country_state_85"
"__export__.nstda_ccsc_m_eamphur_507","อ.บางปะอิน","__export__.res_country_state_85"
"__export__.nstda_ccsc_m_eamphur_508","อ.บ้านแพรก","__export__.res_country_state_85"
"__export__.nstda_ccsc_m_eamphur_509","อ.ผักไห่","__export__.res_country_state_85"
"__export__.nstda_ccsc_m_eamphur_510","อ.พระนครศรีอยุธยา","__export__.res_country_state_85"
"__export__.nstda_ccsc_m_eamphur_511","อ.ภาชี","__export__.res_country_state_85"
"__export__.nstda_ccsc_m_eamphur_512","อ.มหาราช","__export__.res_country_state_85"
"__export__.nstda_ccsc_m_eamphur_513","อ.ลาดบัวหลวง","__export__.res_country_state_85"
"__export__.nstda_ccsc_m_eamphur_514","อ.วังน้อย","__export__.res_country_state_85"
"__export__.nstda_ccsc_m_eamphur_515","อ.อุทัย","__export__.res_country_state_85"
"__export__.nstda_ccsc_m_eamphur_516","อ.เชียงคำ","__export__.res_country_state_84"
"__export__.nstda_ccsc_m_eamphur_517","อ.เชียงม่วน","__export__.res_country_state_84"
"__export__.nstda_ccsc_m_eamphur_518","อ.เมืองพะเยา","__export__.res_country_state_84"
"__export__.nstda_ccsc_m_eamphur_519","อ.แม่ใจ","__export__.res_country_state_84"
"__export__.nstda_ccsc_m_eamphur_520","อ.จุน","__export__.res_country_state_84"
"__export__.nstda_ccsc_m_eamphur_521","อ.ดอกคำใต้","__export__.res_country_state_84"
"__export__.nstda_ccsc_m_eamphur_522","อ.ปง","__export__.res_country_state_84"
"__export__.nstda_ccsc_m_eamphur_523","อ.ภูกามยาว","__export__.res_country_state_84"
"__export__.nstda_ccsc_m_eamphur_524","อ.ภูซาง","__export__.res_country_state_84"
"__export__.nstda_ccsc_m_eamphur_525","อ.เกาะยาว","__export__.res_country_state_86"
"__export__.nstda_ccsc_m_eamphur_526","อ.เมืองพังงา","__export__.res_country_state_86"
"__export__.nstda_ccsc_m_eamphur_527","อ.กะปง","__export__.res_country_state_86"
"__export__.nstda_ccsc_m_eamphur_528","อ.คุระบุรี","__export__.res_country_state_86"
"__export__.nstda_ccsc_m_eamphur_529","อ.ตะกั่วทุ่ง","__export__.res_country_state_86"
"__export__.nstda_ccsc_m_eamphur_530","อ.ตะกั่วป่า","__export__.res_country_state_86"
"__export__.nstda_ccsc_m_eamphur_531","อ.ทับปุด","__export__.res_country_state_86"
"__export__.nstda_ccsc_m_eamphur_532","อ.ท้ายเหมือง","__export__.res_country_state_86"
"__export__.nstda_ccsc_m_eamphur_533","อ.เขาชัยสน","__export__.res_country_state_87"
"__export__.nstda_ccsc_m_eamphur_534","อ.เมืองพัทลุง","__export__.res_country_state_87"
"__export__.nstda_ccsc_m_eamphur_535","อ.กงหรา","__export__.res_country_state_87"
"__export__.nstda_ccsc_m_eamphur_536","อ.ควนขนุน","__export__.res_country_state_87"
"__export__.nstda_ccsc_m_eamphur_537","อ.ตะโหมด","__export__.res_country_state_87"
"__export__.nstda_ccsc_m_eamphur_538","อ.บางแก้ว","__export__.res_country_state_87"
"__export__.nstda_ccsc_m_eamphur_539","อ.ปากพะยูน","__export__.res_country_state_87"
"__export__.nstda_ccsc_m_eamphur_540","อ.ป่าบอน","__export__.res_country_state_87"
"__export__.nstda_ccsc_m_eamphur_541","อ.ป่าพะยอม","__export__.res_country_state_87"
"__export__.nstda_ccsc_m_eamphur_542","อ.ศรีนครินทร์","__export__.res_country_state_87"
"__export__.nstda_ccsc_m_eamphur_543","อ.ศรีบรรพต","__export__.res_country_state_87"
"__export__.nstda_ccsc_m_eamphur_544","อ.เมืองพิจิตร","__export__.res_country_state_88"
"__export__.nstda_ccsc_m_eamphur_545","อ.โพทะเล","__export__.res_country_state_88"
"__export__.nstda_ccsc_m_eamphur_546","อ.โพธิ์ประทับช้าง","__export__.res_country_state_88"
"__export__.nstda_ccsc_m_eamphur_547","อ.ดงเจริญ","__export__.res_country_state_88"
"__export__.nstda_ccsc_m_eamphur_548","อ.ตะพานหิน","__export__.res_country_state_88"
"__export__.nstda_ccsc_m_eamphur_549","อ.ทับคล้อ","__export__.res_country_state_88"
"__export__.nstda_ccsc_m_eamphur_550","อ.บางมูลนาก","__export__.res_country_state_88"
"__export__.nstda_ccsc_m_eamphur_551","อ.บึงนาราง","__export__.res_country_state_88"
"__export__.nstda_ccsc_m_eamphur_552","อ.วชิรบารมี","__export__.res_country_state_88"
"__export__.nstda_ccsc_m_eamphur_553","อ.วังทรายพูน","__export__.res_country_state_88"
"__export__.nstda_ccsc_m_eamphur_554","อ.สากเหล็ก","__export__.res_country_state_88"
"__export__.nstda_ccsc_m_eamphur_555","อ.สามง่าม","__export__.res_country_state_88"
"__export__.nstda_ccsc_m_eamphur_556","อ.เนินมะปราง","__export__.res_country_state_89"
"__export__.nstda_ccsc_m_eamphur_557","อ.เมืองพิษณุโลก","__export__.res_country_state_89"
"__export__.nstda_ccsc_m_eamphur_558","อ.ชาติตระการ","__export__.res_country_state_89"
"__export__.nstda_ccsc_m_eamphur_559","อ.นครไทย","__export__.res_country_state_89"
"__export__.nstda_ccsc_m_eamphur_560","อ.บางกระทุ่ม","__export__.res_country_state_89"
"__export__.nstda_ccsc_m_eamphur_561","อ.บางระกำ","__export__.res_country_state_89"
"__export__.nstda_ccsc_m_eamphur_562","อ.พรหมพิราม","__export__.res_country_state_89"
"__export__.nstda_ccsc_m_eamphur_563","อ.วังทอง","__export__.res_country_state_89"
"__export__.nstda_ccsc_m_eamphur_564","อ.วัดโบสถ์","__export__.res_country_state_89"
"__export__.nstda_ccsc_m_eamphur_565","อ.เมืองภูเก็ต","__export__.res_country_state_93"
"__export__.nstda_ccsc_m_eamphur_566","อ.กะทู้","__export__.res_country_state_93"
"__export__.nstda_ccsc_m_eamphur_567","อ.ถลาง","__export__.res_country_state_93"
"__export__.nstda_ccsc_m_eamphur_568","อ.เชียงยืน","__export__.res_country_state_94"
"__export__.nstda_ccsc_m_eamphur_569","อ.เมืองมหาสารคาม","__export__.res_country_state_94"
"__export__.nstda_ccsc_m_eamphur_570","อ.แกดำ","__export__.res_country_state_94"
"__export__.nstda_ccsc_m_eamphur_571","อ.โกสุมพิสัย","__export__.res_country_state_94"
"__export__.nstda_ccsc_m_eamphur_572","อ.กันทรวิชัย","__export__.res_country_state_94"
"__export__.nstda_ccsc_m_eamphur_573","อ.กุดรัง","__export__.res_country_state_94"
"__export__.nstda_ccsc_m_eamphur_574","อ.ชื่นชม","__export__.res_country_state_94"
"__export__.nstda_ccsc_m_eamphur_575","อ.นาเชือก","__export__.res_country_state_94"
"__export__.nstda_ccsc_m_eamphur_576","อ.นาดูน","__export__.res_country_state_94"
"__export__.nstda_ccsc_m_eamphur_577","อ.บรบือ","__export__.res_country_state_94"
"__export__.nstda_ccsc_m_eamphur_578","อ.พยัคฆภูมิพิสัย","__export__.res_country_state_94"
"__export__.nstda_ccsc_m_eamphur_579","อ.ยางสีสุราช","__export__.res_country_state_94"
"__export__.nstda_ccsc_m_eamphur_580","อ.วาปีปทุม","__export__.res_country_state_94"
"__export__.nstda_ccsc_m_eamphur_581","อ.เมืองมุกดาหาร","__export__.res_country_state_95"
"__export__.nstda_ccsc_m_eamphur_582","อ.คำชะอี","__export__.res_country_state_95"
"__export__.nstda_ccsc_m_eamphur_583","อ.ดงหลวง","__export__.res_country_state_95"
"__export__.nstda_ccsc_m_eamphur_584","อ.ดอนตาล","__export__.res_country_state_95"
"__export__.nstda_ccsc_m_eamphur_585","อ.นิคมคำสร้อย","__export__.res_country_state_95"
"__export__.nstda_ccsc_m_eamphur_586","อ.หนองสูง","__export__.res_country_state_95"
"__export__.nstda_ccsc_m_eamphur_587","อ.หว้านใหญ่","__export__.res_country_state_95"
"__export__.nstda_ccsc_m_eamphur_588","อ.เมืองยโสธร","__export__.res_country_state_97"
"__export__.nstda_ccsc_m_eamphur_589","อ.เลิงนกทา","__export__.res_country_state_97"
"__export__.nstda_ccsc_m_eamphur_590","อ.ไทยเจริญ","__export__.res_country_state_97"
"__export__.nstda_ccsc_m_eamphur_591","อ.กุดชุม","__export__.res_country_state_97"
"__export__.nstda_ccsc_m_eamphur_592","อ.ค้อวัง","__export__.res_country_state_97"
"__export__.nstda_ccsc_m_eamphur_593","อ.คำเขื่อนแก้ว","__export__.res_country_state_97"
"__export__.nstda_ccsc_m_eamphur_594","อ.ทรายมูล","__export__.res_country_state_97"
"__export__.nstda_ccsc_m_eamphur_595","อ.ป่าติ้ว","__export__.res_country_state_97"
"__export__.nstda_ccsc_m_eamphur_596","อ.มหาชนะชัย","__export__.res_country_state_97"
"__export__.nstda_ccsc_m_eamphur_597","อ.เบตง","__export__.res_country_state_98"
"__export__.nstda_ccsc_m_eamphur_598","อ.เมืองยะลา","__export__.res_country_state_98"
"__export__.nstda_ccsc_m_eamphur_599","อ.กรงปินัง","__export__.res_country_state_98"
"__export__.nstda_ccsc_m_eamphur_600","อ.กาบัง","__export__.res_country_state_98"
"__export__.nstda_ccsc_m_eamphur_601","อ.ธารโต","__export__.res_country_state_98"
"__export__.nstda_ccsc_m_eamphur_602","อ.บันนังสตา","__export__.res_country_state_98"
"__export__.nstda_ccsc_m_eamphur_603","อ.ยะหา","__export__.res_country_state_98"
"__export__.nstda_ccsc_m_eamphur_604","อ.รามัน","__export__.res_country_state_98"
"__export__.nstda_ccsc_m_eamphur_605","อ.เกษตรวิสัย","__export__.res_country_state_99"
"__export__.nstda_ccsc_m_eamphur_606","อ.เชียงขวัญ","__export__.res_country_state_99"
"__export__.nstda_ccsc_m_eamphur_607","อ.เมยวดี","__export__.res_country_state_99"
"__export__.nstda_ccsc_m_eamphur_608","อ.เมืองร้อยเอ็ด","__export__.res_country_state_99"
"__export__.nstda_ccsc_m_eamphur_609","อ.เมืองสรวง","__export__.res_country_state_99"
"__export__.nstda_ccsc_m_eamphur_610","อ.เสลภูมิ","__export__.res_country_state_99"
"__export__.nstda_ccsc_m_eamphur_611","อ.โพธิ์ชัย","__export__.res_country_state_99"
"__export__.nstda_ccsc_m_eamphur_612","อ.โพนทราย","__export__.res_country_state_99"
"__export__.nstda_ccsc_m_eamphur_613","อ.โพนทอง","__export__.res_country_state_99"
"__export__.nstda_ccsc_m_eamphur_614","อ.จตุรพักตรพิมาน","__export__.res_country_state_99"
"__export__.nstda_ccsc_m_eamphur_615","อ.จังหาร","__export__.res_country_state_99"
"__export__.nstda_ccsc_m_eamphur_616","อ.ทุ่งเขาหลวง","__export__.res_country_state_99"
"__export__.nstda_ccsc_m_eamphur_617","อ.ธวัชบุรี","__export__.res_country_state_99"
"__export__.nstda_ccsc_m_eamphur_618","อ.ปทุมรัตต์","__export__.res_country_state_99"
"__export__.nstda_ccsc_m_eamphur_619","อ.พนมไพร","__export__.res_country_state_99"
"__export__.nstda_ccsc_m_eamphur_620","อ.ศรีสมเด็จ","__export__.res_country_state_99"
"__export__.nstda_ccsc_m_eamphur_621","อ.สุวรรณภูมิ","__export__.res_country_state_99"
"__export__.nstda_ccsc_m_eamphur_622","อ.หนองพอก","__export__.res_country_state_99"
"__export__.nstda_ccsc_m_eamphur_623","อ.หนองฮี","__export__.res_country_state_99"
"__export__.nstda_ccsc_m_eamphur_624","อ.อาจสามารถ","__export__.res_country_state_99"
"__export__.nstda_ccsc_m_eamphur_625","อ.เมืองระนอง","__export__.res_country_state_100"
"__export__.nstda_ccsc_m_eamphur_626","อ.กระบุรี","__export__.res_country_state_100"
"__export__.nstda_ccsc_m_eamphur_627","อ.กะเปอร์","__export__.res_country_state_100"
"__export__.nstda_ccsc_m_eamphur_628","อ.ละอุ่น","__export__.res_country_state_100"
"__export__.nstda_ccsc_m_eamphur_629","อ.สุขสำราญ","__export__.res_country_state_100"
"__export__.nstda_ccsc_m_eamphur_630","อ.เขาชะเมา","__export__.res_country_state_101"
"__export__.nstda_ccsc_m_eamphur_631","อ.เมืองระยอง","__export__.res_country_state_101"
"__export__.nstda_ccsc_m_eamphur_632","อ.แกลง","__export__.res_country_state_101"
"__export__.nstda_ccsc_m_eamphur_633","อ.นิคมพัฒนา","__export__.res_country_state_101"
"__export__.nstda_ccsc_m_eamphur_634","อ.บ้านค่าย","__export__.res_country_state_101"
"__export__.nstda_ccsc_m_eamphur_635","อ.บ้านฉาง","__export__.res_country_state_101"
"__export__.nstda_ccsc_m_eamphur_636","อ.ปลวกแดง","__export__.res_country_state_101"
"__export__.nstda_ccsc_m_eamphur_637","อ.วังจันทร์","__export__.res_country_state_101"
"__export__.nstda_ccsc_m_eamphur_638","อ.เมืองราชบุรี","__export__.res_country_state_102"
"__export__.nstda_ccsc_m_eamphur_639","อ.โพธาราม","__export__.res_country_state_102"
"__export__.nstda_ccsc_m_eamphur_640","อ.จอมบึง","__export__.res_country_state_102"
"__export__.nstda_ccsc_m_eamphur_641","อ.ดำเนินสะดวก","__export__.res_country_state_102"
"__export__.nstda_ccsc_m_eamphur_642","อ.บางแพ","__export__.res_country_state_102"
"__export__.nstda_ccsc_m_eamphur_643","อ.บ้านโป่ง","__export__.res_country_state_102"
"__export__.nstda_ccsc_m_eamphur_644","อ.บ้านคา","__export__.res_country_state_102"
"__export__.nstda_ccsc_m_eamphur_645","อ.ปากท่อ","__export__.res_country_state_102"
"__export__.nstda_ccsc_m_eamphur_646","อ.วัดเพลง","__export__.res_country_state_102"
"__export__.nstda_ccsc_m_eamphur_647","อ.สวนผึ้ง","__export__.res_country_state_102"
"__export__.nstda_ccsc_m_eamphur_648","อ.เมืองลพบุรี","__export__.res_country_state_103"
"__export__.nstda_ccsc_m_eamphur_649","อ.โคกเจริญ","__export__.res_country_state_103"
"__export__.nstda_ccsc_m_eamphur_650","อ.โคกสำโรง","__export__.res_country_state_103"
"__export__.nstda_ccsc_m_eamphur_651","อ.ชัยบาดาล","__export__.res_country_state_103"
"__export__.nstda_ccsc_m_eamphur_652","อ.ท่าวุ้ง","__export__.res_country_state_103"
"__export__.nstda_ccsc_m_eamphur_653","อ.ท่าหลวง","__export__.res_country_state_103"
"__export__.nstda_ccsc_m_eamphur_654","อ.บ้านหมี่","__export__.res_country_state_103"
"__export__.nstda_ccsc_m_eamphur_655","อ.พัฒนานิคม","__export__.res_country_state_103"
"__export__.nstda_ccsc_m_eamphur_656","อ.ลำสนธิ","__export__.res_country_state_103"
"__export__.nstda_ccsc_m_eamphur_657","อ.สระโบสถ์","__export__.res_country_state_103"
"__export__.nstda_ccsc_m_eamphur_658","อ.หนองม่วง","__export__.res_country_state_103"
"__export__.nstda_ccsc_m_eamphur_659","อ.เกาะคา","__export__.res_country_state_104"
"__export__.nstda_ccsc_m_eamphur_660","อ.เถิน","__export__.res_country_state_104"
"__export__.nstda_ccsc_m_eamphur_661","อ.เมืองปาน","__export__.res_country_state_104"
"__export__.nstda_ccsc_m_eamphur_662","อ.เมืองลำปาง","__export__.res_country_state_104"
"__export__.nstda_ccsc_m_eamphur_663","อ.เสริมงาม","__export__.res_country_state_104"
"__export__.nstda_ccsc_m_eamphur_664","อ.แจ้ห่ม","__export__.res_country_state_104"
"__export__.nstda_ccsc_m_eamphur_665","อ.แม่เมาะ","__export__.res_country_state_104"
"__export__.nstda_ccsc_m_eamphur_666","อ.แม่ทะ","__export__.res_country_state_104"
"__export__.nstda_ccsc_m_eamphur_667","อ.แม่พริก","__export__.res_country_state_104"
"__export__.nstda_ccsc_m_eamphur_668","อ.งาว","__export__.res_country_state_104"
"__export__.nstda_ccsc_m_eamphur_669","อ.วังเหนือ","__export__.res_country_state_104"
"__export__.nstda_ccsc_m_eamphur_670","อ.สบปราบ","__export__.res_country_state_104"
"__export__.nstda_ccsc_m_eamphur_671","อ.ห้างฉัตร","__export__.res_country_state_104"
"__export__.nstda_ccsc_m_eamphur_672","อ.เมืองลำพูน","__export__.res_country_state_105"
"__export__.nstda_ccsc_m_eamphur_673","อ.เวียงหนองล่อง","__export__.res_country_state_105"
"__export__.nstda_ccsc_m_eamphur_674","อ.แม่ทา","__export__.res_country_state_105"
"__export__.nstda_ccsc_m_eamphur_675","อ.ทุ่งหัวช้าง","__export__.res_country_state_105"
"__export__.nstda_ccsc_m_eamphur_676","อ.บ้านโฮ่ง","__export__.res_country_state_105"
"__export__.nstda_ccsc_m_eamphur_677","อ.บ้านธิ","__export__.res_country_state_105"
"__export__.nstda_ccsc_m_eamphur_678","อ.ป่าซาง","__export__.res_country_state_105"
"__export__.nstda_ccsc_m_eamphur_679","อ.ลี้","__export__.res_country_state_105"
"__export__.nstda_ccsc_m_eamphur_680","อ.เบญจลักษ์","__export__.res_country_state_107"
"__export__.nstda_ccsc_m_eamphur_681","อ.เมืองจันทร์","__export__.res_country_state_107"
"__export__.nstda_ccsc_m_eamphur_682","อ.เมืองศรีสะเกษ","__export__.res_country_state_107"
"__export__.nstda_ccsc_m_eamphur_683","อ.โนนคูณ","__export__.res_country_state_107"
"__export__.nstda_ccsc_m_eamphur_684","อ.โพธิ์ศรีสุวรรณ","__export__.res_country_state_107"
"__export__.nstda_ccsc_m_eamphur_685","อ.ไพรบึง","__export__.res_country_state_107"
"__export__.nstda_ccsc_m_eamphur_686","อ.กันทรลักษ์","__export__.res_country_state_107"
"__export__.nstda_ccsc_m_eamphur_687","อ.กันทรารมย์","__export__.res_country_state_107"
"__export__.nstda_ccsc_m_eamphur_688","อ.ขุขันธ์","__export__.res_country_state_107"
"__export__.nstda_ccsc_m_eamphur_689","อ.ขุนหาญ","__export__.res_country_state_107"
"__export__.nstda_ccsc_m_eamphur_690","อ.น้ำเกลี้ยง","__export__.res_country_state_107"
"__export__.nstda_ccsc_m_eamphur_691","อ.บึงบูรพ์","__export__.res_country_state_107"
"__export__.nstda_ccsc_m_eamphur_692","อ.ปรางค์กู่","__export__.res_country_state_107"
"__export__.nstda_ccsc_m_eamphur_693","อ.พยุห์","__export__.res_country_state_107"
"__export__.nstda_ccsc_m_eamphur_694","อ.ภูสิงห์","__export__.res_country_state_107"
"__export__.nstda_ccsc_m_eamphur_695","อ.ยางชุมน้อย","__export__.res_country_state_107"
"__export__.nstda_ccsc_m_eamphur_696","อ.ราษีไศล","__export__.res_country_state_107"
"__export__.nstda_ccsc_m_eamphur_697","อ.วังหิน","__export__.res_country_state_107"
"__export__.nstda_ccsc_m_eamphur_698","อ.ศรีรัตนะ","__export__.res_country_state_107"
"__export__.nstda_ccsc_m_eamphur_699","อ.ศิลาลาด","__export__.res_country_state_107"
"__export__.nstda_ccsc_m_eamphur_700","อ.ห้วยทับทัน","__export__.res_country_state_107"
"__export__.nstda_ccsc_m_eamphur_701","อ.อุทุมพรพิสัย","__export__.res_country_state_107"
"__export__.nstda_ccsc_m_eamphur_702","อ.เจริญศิลป์","__export__.res_country_state_108"
"__export__.nstda_ccsc_m_eamphur_703","อ.เต่างอย","__export__.res_country_state_108"
"__export__.nstda_ccsc_m_eamphur_704","อ.เมืองสกลนคร","__export__.res_country_state_108"
"__export__.nstda_ccsc_m_eamphur_705","อ.โคกศรีสุพรรณ","__export__.res_country_state_108"
"__export__.nstda_ccsc_m_eamphur_706","อ.โพนนาแก้ว","__export__.res_country_state_108"
"__export__.nstda_ccsc_m_eamphur_707","อ.กุดบาก","__export__.res_country_state_108"
"__export__.nstda_ccsc_m_eamphur_708","อ.กุสุมาลย์","__export__.res_country_state_108"
"__export__.nstda_ccsc_m_eamphur_709","อ.คำตากล้า","__export__.res_country_state_108"
"__export__.nstda_ccsc_m_eamphur_710","อ.นิคมน้ำอูน","__export__.res_country_state_108"
"__export__.nstda_ccsc_m_eamphur_711","อ.บ้านม่วง","__export__.res_country_state_108"
"__export__.nstda_ccsc_m_eamphur_712","อ.พรรณานิคม","__export__.res_country_state_108"
"__export__.nstda_ccsc_m_eamphur_713","อ.พังโคน","__export__.res_country_state_108"
"__export__.nstda_ccsc_m_eamphur_714","อ.ภูพาน","__export__.res_country_state_108"
"__export__.nstda_ccsc_m_eamphur_715","อ.วานรนิวาส","__export__.res_country_state_108"
"__export__.nstda_ccsc_m_eamphur_716","อ.วาริชภูมิ","__export__.res_country_state_108"
"__export__.nstda_ccsc_m_eamphur_717","อ.สว่างแดนดิน","__export__.res_country_state_108"
"__export__.nstda_ccsc_m_eamphur_718","อ.ส่องดาว","__export__.res_country_state_108"
"__export__.nstda_ccsc_m_eamphur_719","อ.อากาศอำนวย","__export__.res_country_state_108"
"__export__.nstda_ccsc_m_eamphur_720","อ.เทพา","__export__.res_country_state_109"
"__export__.nstda_ccsc_m_eamphur_721","อ.เมืองสงขลา","__export__.res_country_state_109"
"__export__.nstda_ccsc_m_eamphur_722","อ.กระแสสินธุ์","__export__.res_country_state_109"
"__export__.nstda_ccsc_m_eamphur_723","อ.คลองหอยโข่ง","__export__.res_country_state_109"
"__export__.nstda_ccsc_m_eamphur_724","อ.ควนเนียง","__export__.res_country_state_109"
"__export__.nstda_ccsc_m_eamphur_725","อ.จะนะ","__export__.res_country_state_109"
"__export__.nstda_ccsc_m_eamphur_726","อ.นาทวี","__export__.res_country_state_109"
"__export__.nstda_ccsc_m_eamphur_727","อ.นาหม่อม","__export__.res_country_state_109"
"__export__.nstda_ccsc_m_eamphur_728","อ.บางกล่ำ","__export__.res_country_state_109"
"__export__.nstda_ccsc_m_eamphur_729","อ.ระโนด","__export__.res_country_state_109"
"__export__.nstda_ccsc_m_eamphur_730","อ.รัตภูมิ","__export__.res_country_state_109"
"__export__.nstda_ccsc_m_eamphur_731","อ.สทิงพระ","__export__.res_country_state_109"
"__export__.nstda_ccsc_m_eamphur_732","อ.สะเดา","__export__.res_country_state_109"
"__export__.nstda_ccsc_m_eamphur_733","อ.สะบ้าย้อย","__export__.res_country_state_109"
"__export__.nstda_ccsc_m_eamphur_734","อ.สิงหนคร","__export__.res_country_state_109"
"__export__.nstda_ccsc_m_eamphur_735","อ.หาดใหญ่","__export__.res_country_state_109"
"__export__.nstda_ccsc_m_eamphur_736","อ.เมืองสตูล","__export__.res_country_state_110"
"__export__.nstda_ccsc_m_eamphur_737","อ.ควนโดน","__export__.res_country_state_110"
"__export__.nstda_ccsc_m_eamphur_738","อ.ควนกาหลง","__export__.res_country_state_110"
"__export__.nstda_ccsc_m_eamphur_739","อ.ท่าแพ","__export__.res_country_state_110"
"__export__.nstda_ccsc_m_eamphur_740","อ.ทุ่งหว้า","__export__.res_country_state_110"
"__export__.nstda_ccsc_m_eamphur_741","อ.มะนัง","__export__.res_country_state_110"
"__export__.nstda_ccsc_m_eamphur_742","อ.ละงู","__export__.res_country_state_110"
"__export__.nstda_ccsc_m_eamphur_743","อ.เมืองสมุทรปราการ","__export__.res_country_state_111"
"__export__.nstda_ccsc_m_eamphur_744","อ.บางเสาธง","__export__.res_country_state_111"
"__export__.nstda_ccsc_m_eamphur_745","อ.บางบ่อ","__export__.res_country_state_111"
"__export__.nstda_ccsc_m_eamphur_746","อ.บางพลี","__export__.res_country_state_111"
"__export__.nstda_ccsc_m_eamphur_747","อ.พระประแดง","__export__.res_country_state_111"
"__export__.nstda_ccsc_m_eamphur_748","อ.พระสมุทรเจดีย์","__export__.res_country_state_111"
"__export__.nstda_ccsc_m_eamphur_749","อ.เมืองสมุทรสงคราม","__export__.res_country_state_112"
"__export__.nstda_ccsc_m_eamphur_750","อ.บางคนที","__export__.res_country_state_112"
"__export__.nstda_ccsc_m_eamphur_751","อ.อัมพวา","__export__.res_country_state_112"
"__export__.nstda_ccsc_m_eamphur_752","อ.เมืองสมุทรสาคร","__export__.res_country_state_113"
"__export__.nstda_ccsc_m_eamphur_753","อ.กระทุ่มแบน","__export__.res_country_state_113"
"__export__.nstda_ccsc_m_eamphur_754","อ.บ้านแพ้ว","__export__.res_country_state_113"
"__export__.nstda_ccsc_m_eamphur_755","อ.เขาฉกรรจ์","__export__.res_country_state_114"
"__export__.nstda_ccsc_m_eamphur_756","อ.เมืองสระแก้ว","__export__.res_country_state_114"
"__export__.nstda_ccsc_m_eamphur_757","อ.โคกสูง","__export__.res_country_state_114"
"__export__.nstda_ccsc_m_eamphur_758","อ.คลองหาด","__export__.res_country_state_114"
"__export__.nstda_ccsc_m_eamphur_759","อ.ตาพระยา","__export__.res_country_state_114"
"__export__.nstda_ccsc_m_eamphur_760","อ.วังน้ำเย็น","__export__.res_country_state_114"
"__export__.nstda_ccsc_m_eamphur_761","อ.วังสมบูรณ์","__export__.res_country_state_114"
"__export__.nstda_ccsc_m_eamphur_762","อ.วัฒนานคร","__export__.res_country_state_114"
"__export__.nstda_ccsc_m_eamphur_763","อ.อรัญประเทศ","__export__.res_country_state_114"
"__export__.nstda_ccsc_m_eamphur_764","อ.เฉลิมพระเกียรติ","__export__.res_country_state_115"
"__export__.nstda_ccsc_m_eamphur_765","อ.เมืองสระบุรี","__export__.res_country_state_115"
"__export__.nstda_ccsc_m_eamphur_766","อ.เสาไห้","__export__.res_country_state_115"
"__export__.nstda_ccsc_m_eamphur_767","อ.แก่งคอย","__export__.res_country_state_115"
"__export__.nstda_ccsc_m_eamphur_768","อ.ดอนพุด","__export__.res_country_state_115"
"__export__.nstda_ccsc_m_eamphur_769","อ.บ้านหมอ","__export__.res_country_state_115"
"__export__.nstda_ccsc_m_eamphur_770","อ.พระพุทธบาท","__export__.res_country_state_115"
"__export__.nstda_ccsc_m_eamphur_771","อ.มวกเหล็ก","__export__.res_country_state_115"
"__export__.nstda_ccsc_m_eamphur_772","อ.วังม่วง","__export__.res_country_state_115"
"__export__.nstda_ccsc_m_eamphur_773","อ.วิหารแดง","__export__.res_country_state_115"
"__export__.nstda_ccsc_m_eamphur_774","อ.หนองแค","__export__.res_country_state_115"
"__export__.nstda_ccsc_m_eamphur_775","อ.หนองแซง","__export__.res_country_state_115"
"__export__.nstda_ccsc_m_eamphur_776","อ.หนองโดน","__export__.res_country_state_115"
"__export__.nstda_ccsc_m_eamphur_777","อ.เมืองสิงห์บุรี","__export__.res_country_state_116"
"__export__.nstda_ccsc_m_eamphur_778","อ.ค่ายบางระจัน","__export__.res_country_state_116"
"__export__.nstda_ccsc_m_eamphur_779","อ.ท่าช้าง","__export__.res_country_state_116"
"__export__.nstda_ccsc_m_eamphur_780","อ.บางระจัน","__export__.res_country_state_116"
"__export__.nstda_ccsc_m_eamphur_781","อ.พรหมบุรี","__export__.res_country_state_116"
"__export__.nstda_ccsc_m_eamphur_782","อ.อินทร์บุรี","__export__.res_country_state_116"
"__export__.nstda_ccsc_m_eamphur_783","อ.เมืองสุโขทัย","__export__.res_country_state_117"
"__export__.nstda_ccsc_m_eamphur_784","อ.กงไกรลาศ","__export__.res_country_state_117"
"__export__.nstda_ccsc_m_eamphur_785","อ.คีรีมาศ","__export__.res_country_state_117"
"__export__.nstda_ccsc_m_eamphur_786","อ.ทุ่งเสลี่ยม","__export__.res_country_state_117"
"__export__.nstda_ccsc_m_eamphur_787","อ.บ้านด่านลานหอย","__export__.res_country_state_117"
"__export__.nstda_ccsc_m_eamphur_788","อ.ศรีนคร","__export__.res_country_state_117"
"__export__.nstda_ccsc_m_eamphur_789","อ.ศรีสัชนาลัย","__export__.res_country_state_117"
"__export__.nstda_ccsc_m_eamphur_790","อ.ศรีสำโรง","__export__.res_country_state_117"
"__export__.nstda_ccsc_m_eamphur_791","อ.สวรรคโลก","__export__.res_country_state_117"
"__export__.nstda_ccsc_m_eamphur_792","อ.เดิมบางนางบวช","__export__.res_country_state_118"
"__export__.nstda_ccsc_m_eamphur_793","อ.เมืองสุพรรณบุรี","__export__.res_country_state_118"
"__export__.nstda_ccsc_m_eamphur_794","อ.ดอนเจดีย์","__export__.res_country_state_118"
"__export__.nstda_ccsc_m_eamphur_795","อ.ด่านช้าง","__export__.res_country_state_118"
"__export__.nstda_ccsc_m_eamphur_796","อ.บางปลาม้า","__export__.res_country_state_118"
"__export__.nstda_ccsc_m_eamphur_797","อ.ศรีประจันต์","__export__.res_country_state_118"
"__export__.nstda_ccsc_m_eamphur_798","อ.สองพี่น้อง","__export__.res_country_state_118"
"__export__.nstda_ccsc_m_eamphur_799","อ.สามชุก","__export__.res_country_state_118"
"__export__.nstda_ccsc_m_eamphur_800","อ.หนองหญ้าไซ","__export__.res_country_state_118"
"__export__.nstda_ccsc_m_eamphur_801","อ.อู่ทอง","__export__.res_country_state_118"
"__export__.nstda_ccsc_m_eamphur_802","อ.เกาะพะงัน","__export__.res_country_state_119"
"__export__.nstda_ccsc_m_eamphur_803","อ.เกาะสมุย","__export__.res_country_state_119"
"__export__.nstda_ccsc_m_eamphur_804","อ.เคียนซา","__export__.res_country_state_119"
"__export__.nstda_ccsc_m_eamphur_805","อ.เมืองสุราษฎร์ธานี","__export__.res_country_state_119"
"__export__.nstda_ccsc_m_eamphur_806","อ.เวียงสระ","__export__.res_country_state_119"
"__export__.nstda_ccsc_m_eamphur_807","อ.ไชยา","__export__.res_country_state_119"
"__export__.nstda_ccsc_m_eamphur_808","อ.กาญจนดิษฐ์","__export__.res_country_state_119"
"__export__.nstda_ccsc_m_eamphur_809","อ.คีรีรัฐนิคม","__export__.res_country_state_119"
"__export__.nstda_ccsc_m_eamphur_810","อ.ชัยบุรี","__export__.res_country_state_119"
"__export__.nstda_ccsc_m_eamphur_811","อ.ดอนสัก","__export__.res_country_state_119"
"__export__.nstda_ccsc_m_eamphur_812","อ.ท่าฉาง","__export__.res_country_state_119"
"__export__.nstda_ccsc_m_eamphur_813","อ.ท่าชนะ","__export__.res_country_state_119"
"__export__.nstda_ccsc_m_eamphur_814","อ.บ้านตาขุน","__export__.res_country_state_119"
"__export__.nstda_ccsc_m_eamphur_815","อ.บ้านนาเดิม","__export__.res_country_state_119"
"__export__.nstda_ccsc_m_eamphur_816","อ.บ้านนาสาร","__export__.res_country_state_119"
"__export__.nstda_ccsc_m_eamphur_817","อ.พนม","__export__.res_country_state_119"
"__export__.nstda_ccsc_m_eamphur_818","อ.พระแสง","__export__.res_country_state_119"
"__export__.nstda_ccsc_m_eamphur_819","อ.พุนพิน","__export__.res_country_state_119"
"__export__.nstda_ccsc_m_eamphur_820","อ.วิภาวดี","__export__.res_country_state_119"
"__export__.nstda_ccsc_m_eamphur_821","อ.เขวาสินรินทร์","__export__.res_country_state_120"
"__export__.nstda_ccsc_m_eamphur_822","อ.เมืองสุรินทร์","__export__.res_country_state_120"
"__export__.nstda_ccsc_m_eamphur_823","อ.โนนนารายณ์","__export__.res_country_state_120"
"__export__.nstda_ccsc_m_eamphur_824","อ.กาบเชิง","__export__.res_country_state_120"
"__export__.nstda_ccsc_m_eamphur_825","อ.จอมพระ","__export__.res_country_state_120"
"__export__.nstda_ccsc_m_eamphur_826","อ.ชุมพลบุรี","__export__.res_country_state_120"
"__export__.nstda_ccsc_m_eamphur_827","อ.ท่าตูม","__export__.res_country_state_120"
"__export__.nstda_ccsc_m_eamphur_828","อ.บัวเชด","__export__.res_country_state_120"
"__export__.nstda_ccsc_m_eamphur_829","อ.ปราสาท","__export__.res_country_state_120"
"__export__.nstda_ccsc_m_eamphur_830","อ.พนมดงรัก","__export__.res_country_state_120"
"__export__.nstda_ccsc_m_eamphur_831","อ.รัตนบุรี","__export__.res_country_state_120"
"__export__.nstda_ccsc_m_eamphur_832","อ.ลำดวน","__export__.res_country_state_120"
"__export__.nstda_ccsc_m_eamphur_833","อ.ศรีณรงค์","__export__.res_country_state_120"
"__export__.nstda_ccsc_m_eamphur_834","อ.ศีขรภูมิ","__export__.res_country_state_120"
"__export__.nstda_ccsc_m_eamphur_835","อ.สนม","__export__.res_country_state_120"
"__export__.nstda_ccsc_m_eamphur_836","อ.สังขะ","__export__.res_country_state_120"
"__export__.nstda_ccsc_m_eamphur_837","อ.สำโรงทาบ","__export__.res_country_state_120"
"__export__.nstda_ccsc_m_eamphur_838","อ.เฝ้าไร่","__export__.res_country_state_121"
"__export__.nstda_ccsc_m_eamphur_839","อ.เมืองหนองคาย","__export__.res_country_state_121"
"__export__.nstda_ccsc_m_eamphur_840","อ.โพธิ์ตาก","__export__.res_country_state_121"
"__export__.nstda_ccsc_m_eamphur_841","อ.โพนพิสัย","__export__.res_country_state_121"
"__export__.nstda_ccsc_m_eamphur_842","อ.ท่าบ่อ","__export__.res_country_state_121"
"__export__.nstda_ccsc_m_eamphur_843","อ.รัตนวาปี","__export__.res_country_state_121"
"__export__.nstda_ccsc_m_eamphur_844","อ.ศรีเชียงใหม่","__export__.res_country_state_121"
"__export__.nstda_ccsc_m_eamphur_845","อ.สระใคร","__export__.res_country_state_121"
"__export__.nstda_ccsc_m_eamphur_846","อ.สังคม","__export__.res_country_state_121"
"__export__.nstda_ccsc_m_eamphur_847","อ.เมืองหนองบัวลำภู","__export__.res_country_state_122"
"__export__.nstda_ccsc_m_eamphur_848","อ.โนนสัง","__export__.res_country_state_122"
"__export__.nstda_ccsc_m_eamphur_849","อ.นากลาง","__export__.res_country_state_122"
"__export__.nstda_ccsc_m_eamphur_850","อ.นาวัง","__export__.res_country_state_122"
"__export__.nstda_ccsc_m_eamphur_851","อ.ศรีบุญเรือง","__export__.res_country_state_122"
"__export__.nstda_ccsc_m_eamphur_852","อ.สุวรรณคูหา","__export__.res_country_state_122"
"__export__.nstda_ccsc_m_eamphur_853","อ.เมืองอ่างทอง","__export__.res_country_state_123"
"__export__.nstda_ccsc_m_eamphur_854","อ.แสวงหา","__export__.res_country_state_123"
"__export__.nstda_ccsc_m_eamphur_855","อ.โพธิ์ทอง","__export__.res_country_state_123"
"__export__.nstda_ccsc_m_eamphur_856","อ.ไชโย","__export__.res_country_state_123"
"__export__.nstda_ccsc_m_eamphur_857","อ.ป่าโมก","__export__.res_country_state_123"
"__export__.nstda_ccsc_m_eamphur_858","อ.วิเศษชัยชาญ","__export__.res_country_state_123"
"__export__.nstda_ccsc_m_eamphur_859","อ.สามโก้","__export__.res_country_state_123"
"__export__.nstda_ccsc_m_eamphur_860","อ.เมืองอำนาจเจริญ","__export__.res_country_state_124"
"__export__.nstda_ccsc_m_eamphur_861","อ.เสนางคนิคม","__export__.res_country_state_124"
"__export__.nstda_ccsc_m_eamphur_862","อ.ชานุมาน","__export__.res_country_state_124"
"__export__.nstda_ccsc_m_eamphur_863","อ.ปทุมราชวงศา","__export__.res_country_state_124"
"__export__.nstda_ccsc_m_eamphur_864","อ.พนา","__export__.res_country_state_124"
"__export__.nstda_ccsc_m_eamphur_865","อ.ลืออำนาจ","__export__.res_country_state_124"
"__export__.nstda_ccsc_m_eamphur_866","อ.หัวตะพาน","__export__.res_country_state_124"
"__export__.nstda_ccsc_m_eamphur_867","อ.เพ็ญ","__export__.res_country_state_125"
"__export__.nstda_ccsc_m_eamphur_868","อ.เมืองอุดรธานี","__export__.res_country_state_125"
"__export__.nstda_ccsc_m_eamphur_869","อ.โนนสะอาด","__export__.res_country_state_125"
"__export__.nstda_ccsc_m_eamphur_870","อ.ไชยวาน","__export__.res_country_state_125"
"__export__.nstda_ccsc_m_eamphur_871","อ.กุดจับ","__export__.res_country_state_125"
"__export__.nstda_ccsc_m_eamphur_872","อ.กุมภวาปี","__export__.res_country_state_125"
"__export__.nstda_ccsc_m_eamphur_873","อ.กู่แก้ว","__export__.res_country_state_125"
"__export__.nstda_ccsc_m_eamphur_874","อ.ทุ่งฝน","__export__.res_country_state_125"
"__export__.nstda_ccsc_m_eamphur_875","อ.นายูง","__export__.res_country_state_125"
"__export__.nstda_ccsc_m_eamphur_876","อ.น้ำโสม","__export__.res_country_state_125"
"__export__.nstda_ccsc_m_eamphur_877","อ.บ้านดุง","__export__.res_country_state_125"
"__export__.nstda_ccsc_m_eamphur_878","อ.บ้านผือ","__export__.res_country_state_125"
"__export__.nstda_ccsc_m_eamphur_879","อ.ประจักษ์ศิลปาคม","__export__.res_country_state_125"
"__export__.nstda_ccsc_m_eamphur_880","อ.พิบูลย์รักษ์","__export__.res_country_state_125"
"__export__.nstda_ccsc_m_eamphur_881","อ.วังสามหมอ","__export__.res_country_state_125"
"__export__.nstda_ccsc_m_eamphur_882","อ.ศรีธาตุ","__export__.res_country_state_125"
"__export__.nstda_ccsc_m_eamphur_883","อ.สร้างคอม","__export__.res_country_state_125"
"__export__.nstda_ccsc_m_eamphur_884","อ.หนองแสง","__export__.res_country_state_125"
"__export__.nstda_ccsc_m_eamphur_885","อ.หนองวัวซอ","__export__.res_country_state_125"
"__export__.nstda_ccsc_m_eamphur_886","อ.หนองหาน","__export__.res_country_state_125"
"__export__.nstda_ccsc_m_eamphur_887","อ.เมืองอุตรดิตถ์","__export__.res_country_state_126"
"__export__.nstda_ccsc_m_eamphur_888","อ.ตรอน","__export__.res_country_state_126"
"__export__.nstda_ccsc_m_eamphur_889","อ.ทองแสนขัน","__export__.res_country_state_126"
"__export__.nstda_ccsc_m_eamphur_890","อ.ท่าปลา","__export__.res_country_state_126"
"__export__.nstda_ccsc_m_eamphur_891","อ.น้ำปาด","__export__.res_country_state_126"
"__export__.nstda_ccsc_m_eamphur_892","อ.บ้านโคก","__export__.res_country_state_126"
"__export__.nstda_ccsc_m_eamphur_893","อ.พิชัย","__export__.res_country_state_126"
"__export__.nstda_ccsc_m_eamphur_894","อ.ฟากท่า","__export__.res_country_state_126"
"__export__.nstda_ccsc_m_eamphur_895","อ.ลับแล","__export__.res_country_state_126"
"__export__.nstda_ccsc_m_eamphur_896","อ.เมืองอุทัยธานี","__export__.res_country_state_127"
"__export__.nstda_ccsc_m_eamphur_897","อ.ทัพทัน","__export__.res_country_state_127"
"__export__.nstda_ccsc_m_eamphur_898","อ.บ้านไร่","__export__.res_country_state_127"
"__export__.nstda_ccsc_m_eamphur_899","อ.ลานสัก","__export__.res_country_state_127"
"__export__.nstda_ccsc_m_eamphur_900","อ.สว่างอารมณ์","__export__.res_country_state_127"
"__export__.nstda_ccsc_m_eamphur_901","อ.หนองขาหย่าง","__export__.res_country_state_127"
"__export__.nstda_ccsc_m_eamphur_902","อ.หนองฉาง","__export__.res_country_state_127"
"__export__.nstda_ccsc_m_eamphur_903","อ.ห้วยคต","__export__.res_country_state_127"
"__export__.nstda_ccsc_m_eamphur_904","อ.เขมราฐ","__export__.res_country_state_128"
"__export__.nstda_ccsc_m_eamphur_905","อ.เขื่องใน","__export__.res_country_state_128"
"__export__.nstda_ccsc_m_eamphur_906","อ.เดชอุดม","__export__.res_country_state_128"
"__export__.nstda_ccsc_m_eamphur_907","อ.เมืองอุบลราชธานี","__export__.res_country_state_128"
"__export__.nstda_ccsc_m_eamphur_908","อ.เหล่าเสือโก้ก","__export__.res_country_state_128"
"__export__.nstda_ccsc_m_eamphur_909","อ.โขงเจียม","__export__.res_country_state_128"
"__export__.nstda_ccsc_m_eamphur_910","อ.โพธิ์ไทร","__export__.res_country_state_128"
"__export__.nstda_ccsc_m_eamphur_911","อ.กุดข้าวปุ้น","__export__.res_country_state_128"
"__export__.nstda_ccsc_m_eamphur_912","อ.ดอนมดแดง","__export__.res_country_state_128"
"__export__.nstda_ccsc_m_eamphur_913","อ.ตระการพืชผล","__export__.res_country_state_128"
"__export__.nstda_ccsc_m_eamphur_914","อ.ตาลสุม","__export__.res_country_state_128"
"__export__.nstda_ccsc_m_eamphur_915","อ.ทุ่งศรีอุดม","__export__.res_country_state_128"
"__export__.nstda_ccsc_m_eamphur_916","อ.นาเยีย","__export__.res_country_state_128"
"__export__.nstda_ccsc_m_eamphur_917","อ.นาจะหลวย","__export__.res_country_state_128"
"__export__.nstda_ccsc_m_eamphur_918","อ.นาตาล","__export__.res_country_state_128"
"__export__.nstda_ccsc_m_eamphur_919","อ.น้ำขุ่น","__export__.res_country_state_128"
"__export__.nstda_ccsc_m_eamphur_920","อ.น้ำยืน","__export__.res_country_state_128"
"__export__.nstda_ccsc_m_eamphur_921","อ.บุณฑริก","__export__.res_country_state_128"
"__export__.nstda_ccsc_m_eamphur_922","อ.พิบูลมังสาหาร","__export__.res_country_state_128"
"__export__.nstda_ccsc_m_eamphur_923","อ.ม่วงสามสิบ","__export__.res_country_state_128"
"__export__.nstda_ccsc_m_eamphur_924","อ.วารินชำราบ","__export__.res_country_state_128"
"__export__.nstda_ccsc_m_eamphur_925","อ.ศรีเมืองใหม่","__export__.res_country_state_128"
"__export__.nstda_ccsc_m_eamphur_926","อ.สว่างวีระวงศ์","__export__.res_country_state_128"
"__export__.nstda_ccsc_m_eamphur_927","อ.สำโรง","__export__.res_country_state_128"
"__export__.nstda_ccsc_m_eamphur_928","อ.สิรินธร","__export__.res_country_state_128"
