"id","map_type_id","model_id/id","field_id/id","in_value","out_value"
"map_gfmis_report_1","GFMIS Report","account.model_account_account","account.field_account_account_code",1101010001,"1101010101 - บัญชีเงินสดในมือ"
"map_gfmis_report_2","GFMIS Report","account.model_account_account","account.field_account_account_code",1101010002,"1101010101 - บัญชีเงินสดในมือ"
"map_gfmis_report_3","GFMIS Report","account.model_account_account","account.field_account_account_code",1101010003,"1102050102 - บัญชีลูกหนี้การค้า- บุคคลภายนอก"
"map_gfmis_report_4","GFMIS Report","account.model_account_account","account.field_account_account_code",1101019990,"1101010101 - บัญชีเงินสดในมือ"
"map_gfmis_report_5","GFMIS Report","account.model_account_account","account.field_account_account_code",1101020001,"1101030112 - บัญชีเงินฝากกระแส/ออมทรัพย์ - INTERFACE"
"map_gfmis_report_6","GFMIS Report","account.model_account_account","account.field_account_account_code",1101020002,"1101030112 - บัญชีเงินฝากกระแส/ออมทรัพย์ - INTERFACE"
"map_gfmis_report_7","GFMIS Report","account.model_account_account","account.field_account_account_code",1101020003,"1101030112 - บัญชีเงินฝากกระแส/ออมทรัพย์ - INTERFACE"
"map_gfmis_report_8","GFMIS Report","account.model_account_account","account.field_account_account_code",1101020004,"1101030112 - บัญชีเงินฝากกระแส/ออมทรัพย์ - INTERFACE"
"map_gfmis_report_9","GFMIS Report","account.model_account_account","account.field_account_account_code",1101020005,"1101030112 - บัญชีเงินฝากกระแส/ออมทรัพย์ - INTERFACE"
"map_gfmis_report_10","GFMIS Report","account.model_account_account","account.field_account_account_code",1101020006,"1101030112 - บัญชีเงินฝากกระแส/ออมทรัพย์ - INTERFACE"
"map_gfmis_report_11","GFMIS Report","account.model_account_account","account.field_account_account_code",1101020007,"1101030112 - บัญชีเงินฝากกระแส/ออมทรัพย์ - INTERFACE"
"map_gfmis_report_12","GFMIS Report","account.model_account_account","account.field_account_account_code",1101020008,"1101030112 - บัญชีเงินฝากกระแส/ออมทรัพย์ - INTERFACE"
"map_gfmis_report_13","GFMIS Report","account.model_account_account","account.field_account_account_code",1101020009,"1101030112 - บัญชีเงินฝากกระแส/ออมทรัพย์ - INTERFACE"
"map_gfmis_report_14","GFMIS Report","account.model_account_account","account.field_account_account_code",1101020010,"1101030112 - บัญชีเงินฝากกระแส/ออมทรัพย์ - INTERFACE"
"map_gfmis_report_15","GFMIS Report","account.model_account_account","account.field_account_account_code",1101020011,"1101030112 - บัญชีเงินฝากกระแส/ออมทรัพย์ - INTERFACE"
"map_gfmis_report_16","GFMIS Report","account.model_account_account","account.field_account_account_code",1101020012,"1101030112 - บัญชีเงินฝากกระแส/ออมทรัพย์ - INTERFACE"
"map_gfmis_report_17","GFMIS Report","account.model_account_account","account.field_account_account_code",1101020013,"1101030112 - บัญชีเงินฝากกระแส/ออมทรัพย์ - INTERFACE"
"map_gfmis_report_18","GFMIS Report","account.model_account_account","account.field_account_account_code",1101020014,"1101030112 - บัญชีเงินฝากกระแส/ออมทรัพย์ - INTERFACE"
"map_gfmis_report_19","GFMIS Report","account.model_account_account","account.field_account_account_code",1101020015,"1101030112 - บัญชีเงินฝากกระแส/ออมทรัพย์ - INTERFACE"
"map_gfmis_report_20","GFMIS Report","account.model_account_account","account.field_account_account_code",1101020016,"1101030112 - บัญชีเงินฝากกระแส/ออมทรัพย์ - INTERFACE"
"map_gfmis_report_21","GFMIS Report","account.model_account_account","account.field_account_account_code",1101020017,"1101030112 - บัญชีเงินฝากกระแส/ออมทรัพย์ - INTERFACE"
"map_gfmis_report_22","GFMIS Report","account.model_account_account","account.field_account_account_code",1101020018,"1101030112 - บัญชีเงินฝากกระแส/ออมทรัพย์ - INTERFACE"
"map_gfmis_report_23","GFMIS Report","account.model_account_account","account.field_account_account_code",1101020019,"1101030112 - บัญชีเงินฝากกระแส/ออมทรัพย์ - INTERFACE"
"map_gfmis_report_24","GFMIS Report","account.model_account_account","account.field_account_account_code",1101029990,"1101030112 - บัญชีเงินฝากกระแส/ออมทรัพย์ - INTERFACE"
"map_gfmis_report_25","GFMIS Report","account.model_account_account","account.field_account_account_code",1101030001,"1101030112 - บัญชีเงินฝากกระแส/ออมทรัพย์ - INTERFACE"
"map_gfmis_report_26","GFMIS Report","account.model_account_account","account.field_account_account_code",1101030002,"1101030112 - บัญชีเงินฝากกระแส/ออมทรัพย์ - INTERFACE"
"map_gfmis_report_27","GFMIS Report","account.model_account_account","account.field_account_account_code",1101030003,"1101030112 - บัญชีเงินฝากกระแส/ออมทรัพย์ - INTERFACE"
"map_gfmis_report_28","GFMIS Report","account.model_account_account","account.field_account_account_code",1101030004,"1101030112 - บัญชีเงินฝากกระแส/ออมทรัพย์ - INTERFACE"
"map_gfmis_report_29","GFMIS Report","account.model_account_account","account.field_account_account_code",1101039990,"1104010104 - บัญชีเงินฝากประจำ - INTERFACE"
"map_gfmis_report_30","GFMIS Report","account.model_account_account","account.field_account_account_code",1101050001,"1101030112 - บัญชีเงินฝากกระแส/ออมทรัพย์ - INTERFACE"
"map_gfmis_report_31","GFMIS Report","account.model_account_account","account.field_account_account_code",1101050002,"1101030112 - บัญชีเงินฝากกระแส/ออมทรัพย์ - INTERFACE"
"map_gfmis_report_32","GFMIS Report","account.model_account_account","account.field_account_account_code",1101050003,"1101030112 - บัญชีเงินฝากกระแส/ออมทรัพย์ - INTERFACE"
"map_gfmis_report_33","GFMIS Report","account.model_account_account","account.field_account_account_code",1101050004,"1101030112 - บัญชีเงินฝากกระแส/ออมทรัพย์ - INTERFACE"
"map_gfmis_report_34","GFMIS Report","account.model_account_account","account.field_account_account_code",1101050005,"1101030112 - บัญชีเงินฝากกระแส/ออมทรัพย์ - INTERFACE"
"map_gfmis_report_35","GFMIS Report","account.model_account_account","account.field_account_account_code",1101050006,"1101030112 - บัญชีเงินฝากกระแส/ออมทรัพย์ - INTERFACE"
"map_gfmis_report_36","GFMIS Report","account.model_account_account","account.field_account_account_code",1101050007,"1101030112 - บัญชีเงินฝากกระแส/ออมทรัพย์ - INTERFACE"
"map_gfmis_report_37","GFMIS Report","account.model_account_account","account.field_account_account_code",1101050008,"1101030112 - บัญชีเงินฝากกระแส/ออมทรัพย์ - INTERFACE"
"map_gfmis_report_38","GFMIS Report","account.model_account_account","account.field_account_account_code",1101050009,"1101030112 - บัญชีเงินฝากกระแส/ออมทรัพย์ - INTERFACE"
"map_gfmis_report_39","GFMIS Report","account.model_account_account","account.field_account_account_code",1101050010,"1101030112 - บัญชีเงินฝากกระแส/ออมทรัพย์ - INTERFACE"
"map_gfmis_report_40","GFMIS Report","account.model_account_account","account.field_account_account_code",1101050011,"1101030112 - บัญชีเงินฝากกระแส/ออมทรัพย์ - INTERFACE"
"map_gfmis_report_41","GFMIS Report","account.model_account_account","account.field_account_account_code",1101050012,"1101030112 - บัญชีเงินฝากกระแส/ออมทรัพย์ - INTERFACE"
"map_gfmis_report_42","GFMIS Report","account.model_account_account","account.field_account_account_code",1101050013,"1101030112 - บัญชีเงินฝากกระแส/ออมทรัพย์ - INTERFACE"
"map_gfmis_report_43","GFMIS Report","account.model_account_account","account.field_account_account_code",1101050014,"1101030112 - บัญชีเงินฝากกระแส/ออมทรัพย์ - INTERFACE"
"map_gfmis_report_44","GFMIS Report","account.model_account_account","account.field_account_account_code",1101050015,"1101030112 - บัญชีเงินฝากกระแส/ออมทรัพย์ - INTERFACE"
"map_gfmis_report_45","GFMIS Report","account.model_account_account","account.field_account_account_code",1101050016,"1101030112 - บัญชีเงินฝากกระแส/ออมทรัพย์ - INTERFACE"
"map_gfmis_report_46","GFMIS Report","account.model_account_account","account.field_account_account_code",1101050017,"1101030112 - บัญชีเงินฝากกระแส/ออมทรัพย์ - INTERFACE"
"map_gfmis_report_47","GFMIS Report","account.model_account_account","account.field_account_account_code",1101050018,"1101030112 - บัญชีเงินฝากกระแส/ออมทรัพย์ - INTERFACE"
"map_gfmis_report_48","GFMIS Report","account.model_account_account","account.field_account_account_code",1101050019,"1101030112 - บัญชีเงินฝากกระแส/ออมทรัพย์ - INTERFACE"
"map_gfmis_report_49","GFMIS Report","account.model_account_account","account.field_account_account_code",1101050020,"1101030112 - บัญชีเงินฝากกระแส/ออมทรัพย์ - INTERFACE"
"map_gfmis_report_50","GFMIS Report","account.model_account_account","account.field_account_account_code",1101050021,"1101030112 - บัญชีเงินฝากกระแส/ออมทรัพย์ - INTERFACE"
"map_gfmis_report_51","GFMIS Report","account.model_account_account","account.field_account_account_code",1101050022,"1101030112 - บัญชีเงินฝากกระแส/ออมทรัพย์ - INTERFACE"
"map_gfmis_report_52","GFMIS Report","account.model_account_account","account.field_account_account_code",1101050023,"1101030112 - บัญชีเงินฝากกระแส/ออมทรัพย์ - INTERFACE"
"map_gfmis_report_53","GFMIS Report","account.model_account_account","account.field_account_account_code",1101050024,"1101030112 - บัญชีเงินฝากกระแส/ออมทรัพย์ - INTERFACE"
"map_gfmis_report_54","GFMIS Report","account.model_account_account","account.field_account_account_code",1101050025,"1101030112 - บัญชีเงินฝากกระแส/ออมทรัพย์ - INTERFACE"
"map_gfmis_report_55","GFMIS Report","account.model_account_account","account.field_account_account_code",1101050026,"1101030112 - บัญชีเงินฝากกระแส/ออมทรัพย์ - INTERFACE"
"map_gfmis_report_56","GFMIS Report","account.model_account_account","account.field_account_account_code",1101050027,"1101030112 - บัญชีเงินฝากกระแส/ออมทรัพย์ - INTERFACE"
"map_gfmis_report_57","GFMIS Report","account.model_account_account","account.field_account_account_code",1101060001,"1101030112 - บัญชีเงินฝากกระแส/ออมทรัพย์ - INTERFACE"
"map_gfmis_report_58","GFMIS Report","account.model_account_account","account.field_account_account_code",1101060002,"1101030112 - บัญชีเงินฝากกระแส/ออมทรัพย์ - INTERFACE"
"map_gfmis_report_59","GFMIS Report","account.model_account_account","account.field_account_account_code",1101060003,"1101030112 - บัญชีเงินฝากกระแส/ออมทรัพย์ - INTERFACE"
"map_gfmis_report_60","GFMIS Report","account.model_account_account","account.field_account_account_code",1101060004,"1101030112 - บัญชีเงินฝากกระแส/ออมทรัพย์ - INTERFACE"
"map_gfmis_report_61","GFMIS Report","account.model_account_account","account.field_account_account_code",1101060005,"1101030112 - บัญชีเงินฝากกระแส/ออมทรัพย์ - INTERFACE"
"map_gfmis_report_62","GFMIS Report","account.model_account_account","account.field_account_account_code",1101060006,"1101030112 - บัญชีเงินฝากกระแส/ออมทรัพย์ - INTERFACE"
"map_gfmis_report_63","GFMIS Report","account.model_account_account","account.field_account_account_code",1101060007,"1101030112 - บัญชีเงินฝากกระแส/ออมทรัพย์ - INTERFACE"
"map_gfmis_report_64","GFMIS Report","account.model_account_account","account.field_account_account_code",1101060008,"1101030112 - บัญชีเงินฝากกระแส/ออมทรัพย์ - INTERFACE"
"map_gfmis_report_65","GFMIS Report","account.model_account_account","account.field_account_account_code",1101060009,"1101030112 - บัญชีเงินฝากกระแส/ออมทรัพย์ - INTERFACE"
"map_gfmis_report_66","GFMIS Report","account.model_account_account","account.field_account_account_code",1101060010,"1101030112 - บัญชีเงินฝากกระแส/ออมทรัพย์ - INTERFACE"
"map_gfmis_report_67","GFMIS Report","account.model_account_account","account.field_account_account_code",1101060011,"1101030112 - บัญชีเงินฝากกระแส/ออมทรัพย์ - INTERFACE"
"map_gfmis_report_68","GFMIS Report","account.model_account_account","account.field_account_account_code",1101060012,"1101030112 - บัญชีเงินฝากกระแส/ออมทรัพย์ - INTERFACE"
"map_gfmis_report_69","GFMIS Report","account.model_account_account","account.field_account_account_code",1101060013,"1101030112 - บัญชีเงินฝากกระแส/ออมทรัพย์ - INTERFACE"
"map_gfmis_report_70","GFMIS Report","account.model_account_account","account.field_account_account_code",1101060014,"1101030112 - บัญชีเงินฝากกระแส/ออมทรัพย์ - INTERFACE"
"map_gfmis_report_71","GFMIS Report","account.model_account_account","account.field_account_account_code",1101060015,"1101030112 - บัญชีเงินฝากกระแส/ออมทรัพย์ - INTERFACE"
"map_gfmis_report_72","GFMIS Report","account.model_account_account","account.field_account_account_code",1101060016,"1101030112 - บัญชีเงินฝากกระแส/ออมทรัพย์ - INTERFACE"
"map_gfmis_report_73","GFMIS Report","account.model_account_account","account.field_account_account_code",1101060017,"1101030112 - บัญชีเงินฝากกระแส/ออมทรัพย์ - INTERFACE"
"map_gfmis_report_74","GFMIS Report","account.model_account_account","account.field_account_account_code",1101060018,"1101030112 - บัญชีเงินฝากกระแส/ออมทรัพย์ - INTERFACE"
"map_gfmis_report_75","GFMIS Report","account.model_account_account","account.field_account_account_code",1101060019,"1101030112 - บัญชีเงินฝากกระแส/ออมทรัพย์ - INTERFACE"
"map_gfmis_report_76","GFMIS Report","account.model_account_account","account.field_account_account_code",1101060020,"1101030112 - บัญชีเงินฝากกระแส/ออมทรัพย์ - INTERFACE"
"map_gfmis_report_77","GFMIS Report","account.model_account_account","account.field_account_account_code",1101060021,"1101030112 - บัญชีเงินฝากกระแส/ออมทรัพย์ - INTERFACE"
"map_gfmis_report_78","GFMIS Report","account.model_account_account","account.field_account_account_code",1101060022,"1101030112 - บัญชีเงินฝากกระแส/ออมทรัพย์ - INTERFACE"
"map_gfmis_report_79","GFMIS Report","account.model_account_account","account.field_account_account_code",1101060023,"1101030112 - บัญชีเงินฝากกระแส/ออมทรัพย์ - INTERFACE"
"map_gfmis_report_80","GFMIS Report","account.model_account_account","account.field_account_account_code",1101060024,"1101030112 - บัญชีเงินฝากกระแส/ออมทรัพย์ - INTERFACE"
"map_gfmis_report_81","GFMIS Report","account.model_account_account","account.field_account_account_code",1101060025,"1101030112 - บัญชีเงินฝากกระแส/ออมทรัพย์ - INTERFACE"
"map_gfmis_report_82","GFMIS Report","account.model_account_account","account.field_account_account_code",1101060026,"1101030112 - บัญชีเงินฝากกระแส/ออมทรัพย์ - INTERFACE"
"map_gfmis_report_83","GFMIS Report","account.model_account_account","account.field_account_account_code",1101060027,"1101030112 - บัญชีเงินฝากกระแส/ออมทรัพย์ - INTERFACE"
"map_gfmis_report_84","GFMIS Report","account.model_account_account","account.field_account_account_code",1101060028,"1101030112 - บัญชีเงินฝากกระแส/ออมทรัพย์ - INTERFACE"
"map_gfmis_report_85","GFMIS Report","account.model_account_account","account.field_account_account_code",1101070001,"1101030112 - บัญชีเงินฝากกระแส/ออมทรัพย์ - INTERFACE"
"map_gfmis_report_86","GFMIS Report","account.model_account_account","account.field_account_account_code",1101070002,"1101030112 - บัญชีเงินฝากกระแส/ออมทรัพย์ - INTERFACE"
"map_gfmis_report_87","GFMIS Report","account.model_account_account","account.field_account_account_code",1101070003,"1101030112 - บัญชีเงินฝากกระแส/ออมทรัพย์ - INTERFACE"
"map_gfmis_report_88","GFMIS Report","account.model_account_account","account.field_account_account_code",1101070004,"1101030112 - บัญชีเงินฝากกระแส/ออมทรัพย์ - INTERFACE"
"map_gfmis_report_89","GFMIS Report","account.model_account_account","account.field_account_account_code",1101080001,"1101030112 - บัญชีเงินฝากกระแส/ออมทรัพย์ - INTERFACE"
"map_gfmis_report_90","GFMIS Report","account.model_account_account","account.field_account_account_code",1101080002,"1101030112 - บัญชีเงินฝากกระแส/ออมทรัพย์ - INTERFACE"
"map_gfmis_report_91","GFMIS Report","account.model_account_account","account.field_account_account_code",1101080003,"1101030112 - บัญชีเงินฝากกระแส/ออมทรัพย์ - INTERFACE"
"map_gfmis_report_92","GFMIS Report","account.model_account_account","account.field_account_account_code",1101080004,"1101030112 - บัญชีเงินฝากกระแส/ออมทรัพย์ - INTERFACE"
"map_gfmis_report_93","GFMIS Report","account.model_account_account","account.field_account_account_code",1101080005,"1101030112 - บัญชีเงินฝากกระแส/ออมทรัพย์ - INTERFACE"
"map_gfmis_report_94","GFMIS Report","account.model_account_account","account.field_account_account_code",1101080006,"1101030112 - บัญชีเงินฝากกระแส/ออมทรัพย์ - INTERFACE"
"map_gfmis_report_95","GFMIS Report","account.model_account_account","account.field_account_account_code",1101080007,"1101030112 - บัญชีเงินฝากกระแส/ออมทรัพย์ - INTERFACE"
"map_gfmis_report_96","GFMIS Report","account.model_account_account","account.field_account_account_code",1101080008,"1101030112 - บัญชีเงินฝากกระแส/ออมทรัพย์ - INTERFACE"
"map_gfmis_report_97","GFMIS Report","account.model_account_account","account.field_account_account_code",1101080009,"1101030112 - บัญชีเงินฝากกระแส/ออมทรัพย์ - INTERFACE"
"map_gfmis_report_98","GFMIS Report","account.model_account_account","account.field_account_account_code",1101080010,"1101030112 - บัญชีเงินฝากกระแส/ออมทรัพย์ - INTERFACE"
"map_gfmis_report_99","GFMIS Report","account.model_account_account","account.field_account_account_code",1101080011,"1101030112 - บัญชีเงินฝากกระแส/ออมทรัพย์ - INTERFACE"
"map_gfmis_report_100","GFMIS Report","account.model_account_account","account.field_account_account_code",1101080012,"1101030112 - บัญชีเงินฝากกระแส/ออมทรัพย์ - INTERFACE"
"map_gfmis_report_101","GFMIS Report","account.model_account_account","account.field_account_account_code",1101080013,"1101030112 - บัญชีเงินฝากกระแส/ออมทรัพย์ - INTERFACE"
"map_gfmis_report_102","GFMIS Report","account.model_account_account","account.field_account_account_code",1101080014,"1101030112 - บัญชีเงินฝากกระแส/ออมทรัพย์ - INTERFACE"
"map_gfmis_report_103","GFMIS Report","account.model_account_account","account.field_account_account_code",1101080015,"1101030112 - บัญชีเงินฝากกระแส/ออมทรัพย์ - INTERFACE"
"map_gfmis_report_104","GFMIS Report","account.model_account_account","account.field_account_account_code",1101080016,"1101030112 - บัญชีเงินฝากกระแส/ออมทรัพย์ - INTERFACE"
"map_gfmis_report_105","GFMIS Report","account.model_account_account","account.field_account_account_code",1101080017,"1101030112 - บัญชีเงินฝากกระแส/ออมทรัพย์ - INTERFACE"
"map_gfmis_report_106","GFMIS Report","account.model_account_account","account.field_account_account_code",1101080018,"1101030112 - บัญชีเงินฝากกระแส/ออมทรัพย์ - INTERFACE"
"map_gfmis_report_107","GFMIS Report","account.model_account_account","account.field_account_account_code",1101080019,"1101030112 - บัญชีเงินฝากกระแส/ออมทรัพย์ - INTERFACE"
"map_gfmis_report_108","GFMIS Report","account.model_account_account","account.field_account_account_code",1101080020,"1101030112 - บัญชีเงินฝากกระแส/ออมทรัพย์ - INTERFACE"
"map_gfmis_report_109","GFMIS Report","account.model_account_account","account.field_account_account_code",1101080021,"1101030112 - บัญชีเงินฝากกระแส/ออมทรัพย์ - INTERFACE"
"map_gfmis_report_110","GFMIS Report","account.model_account_account","account.field_account_account_code",1101080022,"1101030112 - บัญชีเงินฝากกระแส/ออมทรัพย์ - INTERFACE"
"map_gfmis_report_111","GFMIS Report","account.model_account_account","account.field_account_account_code",1101080023,"1101030112 - บัญชีเงินฝากกระแส/ออมทรัพย์ - INTERFACE"
"map_gfmis_report_112","GFMIS Report","account.model_account_account","account.field_account_account_code",1101080024,"1101030112 - บัญชีเงินฝากกระแส/ออมทรัพย์ - INTERFACE"
"map_gfmis_report_113","GFMIS Report","account.model_account_account","account.field_account_account_code",1101080025,"1101030112 - บัญชีเงินฝากกระแส/ออมทรัพย์ - INTERFACE"
"map_gfmis_report_114","GFMIS Report","account.model_account_account","account.field_account_account_code",1101080026,"1101030112 - บัญชีเงินฝากกระแส/ออมทรัพย์ - INTERFACE"
"map_gfmis_report_115","GFMIS Report","account.model_account_account","account.field_account_account_code",1101080027,"1101030112 - บัญชีเงินฝากกระแส/ออมทรัพย์ - INTERFACE"
"map_gfmis_report_116","GFMIS Report","account.model_account_account","account.field_account_account_code",1101080028,"1101030112 - บัญชีเงินฝากกระแส/ออมทรัพย์ - INTERFACE"
"map_gfmis_report_117","GFMIS Report","account.model_account_account","account.field_account_account_code",1101080029,"1101030112 - บัญชีเงินฝากกระแส/ออมทรัพย์ - INTERFACE"
"map_gfmis_report_118","GFMIS Report","account.model_account_account","account.field_account_account_code",1101090001,"1101030112 - บัญชีเงินฝากกระแส/ออมทรัพย์ - INTERFACE"
"map_gfmis_report_119","GFMIS Report","account.model_account_account","account.field_account_account_code",1101090002,"1101030112 - บัญชีเงินฝากกระแส/ออมทรัพย์ - INTERFACE"
"map_gfmis_report_120","GFMIS Report","account.model_account_account","account.field_account_account_code",1101090003,"1101030112 - บัญชีเงินฝากกระแส/ออมทรัพย์ - INTERFACE"
"map_gfmis_report_121","GFMIS Report","account.model_account_account","account.field_account_account_code",1101090004,"1101030112 - บัญชีเงินฝากกระแส/ออมทรัพย์ - INTERFACE"
"map_gfmis_report_122","GFMIS Report","account.model_account_account","account.field_account_account_code",1101090005,"1101030112 - บัญชีเงินฝากกระแส/ออมทรัพย์ - INTERFACE"
"map_gfmis_report_123","GFMIS Report","account.model_account_account","account.field_account_account_code",1101090006,"1101030112 - บัญชีเงินฝากกระแส/ออมทรัพย์ - INTERFACE"
"map_gfmis_report_124","GFMIS Report","account.model_account_account","account.field_account_account_code",1101090007,"1101030112 - บัญชีเงินฝากกระแส/ออมทรัพย์ - INTERFACE"
"map_gfmis_report_125","GFMIS Report","account.model_account_account","account.field_account_account_code",1101090008,"1101030112 - บัญชีเงินฝากกระแส/ออมทรัพย์ - INTERFACE"
"map_gfmis_report_126","GFMIS Report","account.model_account_account","account.field_account_account_code",1101090009,"1101030112 - บัญชีเงินฝากกระแส/ออมทรัพย์ - INTERFACE"
"map_gfmis_report_127","GFMIS Report","account.model_account_account","account.field_account_account_code",1101090010,"1101030112 - บัญชีเงินฝากกระแส/ออมทรัพย์ - INTERFACE"
"map_gfmis_report_128","GFMIS Report","account.model_account_account","account.field_account_account_code",1101090011,"1101030112 - บัญชีเงินฝากกระแส/ออมทรัพย์ - INTERFACE"
"map_gfmis_report_129","GFMIS Report","account.model_account_account","account.field_account_account_code",1101090012,"1101030112 - บัญชีเงินฝากกระแส/ออมทรัพย์ - INTERFACE"
"map_gfmis_report_130","GFMIS Report","account.model_account_account","account.field_account_account_code",1101090013,"1101030112 - บัญชีเงินฝากกระแส/ออมทรัพย์ - INTERFACE"
"map_gfmis_report_131","GFMIS Report","account.model_account_account","account.field_account_account_code",1101090014,"1101030112 - บัญชีเงินฝากกระแส/ออมทรัพย์ - INTERFACE"
"map_gfmis_report_132","GFMIS Report","account.model_account_account","account.field_account_account_code",1101090015,"1101030112 - บัญชีเงินฝากกระแส/ออมทรัพย์ - INTERFACE"
"map_gfmis_report_133","GFMIS Report","account.model_account_account","account.field_account_account_code",1101090016,"1101030112 - บัญชีเงินฝากกระแส/ออมทรัพย์ - INTERFACE"
"map_gfmis_report_134","GFMIS Report","account.model_account_account","account.field_account_account_code",1101090017,"1101030112 - บัญชีเงินฝากกระแส/ออมทรัพย์ - INTERFACE"
"map_gfmis_report_135","GFMIS Report","account.model_account_account","account.field_account_account_code",1101090018,"1101030112 - บัญชีเงินฝากกระแส/ออมทรัพย์ - INTERFACE"
"map_gfmis_report_136","GFMIS Report","account.model_account_account","account.field_account_account_code",1101090019,"1101030112 - บัญชีเงินฝากกระแส/ออมทรัพย์ - INTERFACE"
"map_gfmis_report_137","GFMIS Report","account.model_account_account","account.field_account_account_code",1101090020,"1101030112 - บัญชีเงินฝากกระแส/ออมทรัพย์ - INTERFACE"
"map_gfmis_report_138","GFMIS Report","account.model_account_account","account.field_account_account_code",1101090021,"1101030112 - บัญชีเงินฝากกระแส/ออมทรัพย์ - INTERFACE"
"map_gfmis_report_139","GFMIS Report","account.model_account_account","account.field_account_account_code",1101090022,"1101030112 - บัญชีเงินฝากกระแส/ออมทรัพย์ - INTERFACE"
"map_gfmis_report_140","GFMIS Report","account.model_account_account","account.field_account_account_code",1101090023,"1101030112 - บัญชีเงินฝากกระแส/ออมทรัพย์ - INTERFACE"
"map_gfmis_report_141","GFMIS Report","account.model_account_account","account.field_account_account_code",1101090024,"1101030112 - บัญชีเงินฝากกระแส/ออมทรัพย์ - INTERFACE"
"map_gfmis_report_142","GFMIS Report","account.model_account_account","account.field_account_account_code",1101090025,"1101030112 - บัญชีเงินฝากกระแส/ออมทรัพย์ - INTERFACE"
"map_gfmis_report_143","GFMIS Report","account.model_account_account","account.field_account_account_code",1101090026,"1101030112 - บัญชีเงินฝากกระแส/ออมทรัพย์ - INTERFACE"
"map_gfmis_report_144","GFMIS Report","account.model_account_account","account.field_account_account_code",1101090027,"1101030112 - บัญชีเงินฝากกระแส/ออมทรัพย์ - INTERFACE"
"map_gfmis_report_145","GFMIS Report","account.model_account_account","account.field_account_account_code",1101090028,"1101030112 - บัญชีเงินฝากกระแส/ออมทรัพย์ - INTERFACE"
"map_gfmis_report_146","GFMIS Report","account.model_account_account","account.field_account_account_code",1101099990,"1101030112 - บัญชีเงินฝากกระแส/ออมทรัพย์ - INTERFACE"
"map_gfmis_report_147","GFMIS Report","account.model_account_account","account.field_account_account_code",1102010001,"1102050102 - บัญชีลูกหนี้การค้า- บุคคลภายนอก"
"map_gfmis_report_148","GFMIS Report","account.model_account_account","account.field_account_account_code",1102010002,"1102050102 - บัญชีลูกหนี้การค้า- บุคคลภายนอก"
"map_gfmis_report_149","GFMIS Report","account.model_account_account","account.field_account_account_code",1102010003,"1102050102 - บัญชีลูกหนี้การค้า- บุคคลภายนอก"
"map_gfmis_report_150","GFMIS Report","account.model_account_account","account.field_account_account_code",1102010004,"1102050102 - บัญชีลูกหนี้การค้า- บุคคลภายนอก"
"map_gfmis_report_151","GFMIS Report","account.model_account_account","account.field_account_account_code",1102010006,"1201030102 - บัญชีเงินให้กู้ยืมระยะยาว-บุคคลภายนอก"
"map_gfmis_report_152","GFMIS Report","account.model_account_account","account.field_account_account_code",1102019990,"1102050102 - บัญชีลูกหนี้การค้า- บุคคลภายนอก"
"map_gfmis_report_153","GFMIS Report","account.model_account_account","account.field_account_account_code",1102019991,"1102050102 - บัญชีลูกหนี้การค้า- บุคคลภายนอก"
"map_gfmis_report_154","GFMIS Report","account.model_account_account","account.field_account_account_code",1102019992,"1102050102 - บัญชีลูกหนี้การค้า- บุคคลภายนอก"
"map_gfmis_report_155","GFMIS Report","account.model_account_account","account.field_account_account_code",1102019993,"1102050102 - บัญชีลูกหนี้การค้า- บุคคลภายนอก"
"map_gfmis_report_156","GFMIS Report","account.model_account_account","account.field_account_account_code",1103010001,"1102050123 - บัญชีค่าเผื่อหนี้สงสัยจะสูญ - ระยะสั้น"
"map_gfmis_report_157","GFMIS Report","account.model_account_account","account.field_account_account_code",1103019990,"1102050123 - บัญชีค่าเผื่อหนี้สงสัยจะสูญ - ระยะสั้น"
"map_gfmis_report_158","GFMIS Report","account.model_account_account","account.field_account_account_code",1104010001,"1102010102 - ลูกหนี้เงินยืมนอกงบประมาณ"
"map_gfmis_report_159","GFMIS Report","account.model_account_account","account.field_account_account_code",1105010001,"1105010105 - บัญชีวัสดุคงคลัง"
"map_gfmis_report_160","GFMIS Report","account.model_account_account","account.field_account_account_code",1105010002,"1105010105 - บัญชีวัสดุคงคลัง"
"map_gfmis_report_161","GFMIS Report","account.model_account_account","account.field_account_account_code",1105010003,"1105010105 - บัญชีวัสดุคงคลัง"
"map_gfmis_report_162","GFMIS Report","account.model_account_account","account.field_account_account_code",1105010004,"1105010105 - บัญชีวัสดุคงคลัง"
"map_gfmis_report_163","GFMIS Report","account.model_account_account","account.field_account_account_code",1105010005,"1105010105 - บัญชีวัสดุคงคลัง"
"map_gfmis_report_164","GFMIS Report","account.model_account_account","account.field_account_account_code",1105010006,"1105010105 - บัญชีวัสดุคงคลัง"
"map_gfmis_report_165","GFMIS Report","account.model_account_account","account.field_account_account_code",1105010007,"1105010105 - บัญชีวัสดุคงคลัง"
"map_gfmis_report_166","GFMIS Report","account.model_account_account","account.field_account_account_code",1105010008,"1105010105 - บัญชีวัสดุคงคลัง"
"map_gfmis_report_167","GFMIS Report","account.model_account_account","account.field_account_account_code",1105010009,"1105010105 - บัญชีวัสดุคงคลัง"
"map_gfmis_report_168","GFMIS Report","account.model_account_account","account.field_account_account_code",1105010010,"1105010105 - บัญชีวัสดุคงคลัง"
"map_gfmis_report_169","GFMIS Report","account.model_account_account","account.field_account_account_code",1105010011,"1105010105 - บัญชีวัสดุคงคลัง"
"map_gfmis_report_170","GFMIS Report","account.model_account_account","account.field_account_account_code",1105019990,"1105010105 - บัญชีวัสดุคงคลัง"
"map_gfmis_report_171","GFMIS Report","account.model_account_account","account.field_account_account_code",1106010001,"1106010103 - บัญชีค่าใช้จ่ายจ่ายล่วงหน้า"
"map_gfmis_report_172","GFMIS Report","account.model_account_account","account.field_account_account_code",1106010002,"1106010103 - บัญชีค่าใช้จ่ายจ่ายล่วงหน้า"
"map_gfmis_report_173","GFMIS Report","account.model_account_account","account.field_account_account_code",1106010003,"1106010103 - บัญชีค่าใช้จ่ายจ่ายล่วงหน้า"
"map_gfmis_report_174","GFMIS Report","account.model_account_account","account.field_account_account_code",1106010004,"1106010103 - บัญชีค่าใช้จ่ายจ่ายล่วงหน้า"
"map_gfmis_report_175","GFMIS Report","account.model_account_account","account.field_account_account_code",1106010005,"1102050129 - บัญชีเงินจ่ายล่วงหน้า"
"map_gfmis_report_176","GFMIS Report","account.model_account_account","account.field_account_account_code",1106010006,"1102050129 - บัญชีเงินจ่ายล่วงหน้า"
"map_gfmis_report_177","GFMIS Report","account.model_account_account","account.field_account_account_code",1106010007,"1106010103 - บัญชีค่าใช้จ่ายจ่ายล่วงหน้า"
"map_gfmis_report_178","GFMIS Report","account.model_account_account","account.field_account_account_code",1106019990,"1102050129 - บัญชีเงินจ่ายล่วงหน้า"
"map_gfmis_report_179","GFMIS Report","account.model_account_account","account.field_account_account_code",1107010001,"1106010199 - บัญชีสินทรัพย์หมุนเวียนอื่น"
"map_gfmis_report_180","GFMIS Report","account.model_account_account","account.field_account_account_code",1108010001,"1102050107 - บัญชีรายได้ค้างรับ - บุคคลภายนอก"
"map_gfmis_report_181","GFMIS Report","account.model_account_account","account.field_account_account_code",1109010001,"1106010199 - บัญชีสินทรัพย์หมุนเวียนอื่น"
"map_gfmis_report_182","GFMIS Report","account.model_account_account","account.field_account_account_code",1109010002,"1106010199 - บัญชีสินทรัพย์หมุนเวียนอื่น"
"map_gfmis_report_183","GFMIS Report","account.model_account_account","account.field_account_account_code",1109010003,"1106010199 - บัญชีสินทรัพย์หมุนเวียนอื่น"
"map_gfmis_report_184","GFMIS Report","account.model_account_account","account.field_account_account_code",1190010001,"1102050194 - บัญชีลูกหนี้อื่น - บุคคลภายนอก"
"map_gfmis_report_185","GFMIS Report","account.model_account_account","account.field_account_account_code",1190010002,"1102050194 - บัญชีลูกหนี้อื่น - บุคคลภายนอก"
"map_gfmis_report_186","GFMIS Report","account.model_account_account","account.field_account_account_code",1190019900,"1102050194 - บัญชีลูกหนี้อื่น - บุคคลภายนอก"
"map_gfmis_report_187","GFMIS Report","account.model_account_account","account.field_account_account_code",1190909900,"1106010199 - บัญชีสินทรัพย์หมุนเวียนอื่น"
"map_gfmis_report_188","GFMIS Report","account.model_account_account","account.field_account_account_code",1201010001,"1104010104 - บัญชีเงินฝากประจำ - INTERFACE"
"map_gfmis_report_189","GFMIS Report","account.model_account_account","account.field_account_account_code",1201010002,"1104010104 - บัญชีเงินฝากประจำ - INTERFACE"
"map_gfmis_report_190","GFMIS Report","account.model_account_account","account.field_account_account_code",1201010003,"1104010104 - บัญชีเงินฝากประจำ - INTERFACE"
"map_gfmis_report_191","GFMIS Report","account.model_account_account","account.field_account_account_code",1201010004,"1104010104 - บัญชีเงินฝากประจำ - INTERFACE"
"map_gfmis_report_192","GFMIS Report","account.model_account_account","account.field_account_account_code",1201019990,"1104010104 - บัญชีเงินฝากประจำ - INTERFACE"
"map_gfmis_report_193","GFMIS Report","account.model_account_account","account.field_account_account_code",1201029990,"1104010104 - บัญชีเงินฝากประจำ - INTERFACE"
"map_gfmis_report_194","GFMIS Report","account.model_account_account","account.field_account_account_code",1202019900,"1201030102 - บัญชีเงินให้กู้ยืมระยะยาว-บุคคลภายนอก"
"map_gfmis_report_195","GFMIS Report","account.model_account_account","account.field_account_account_code",1203010001,"1203020199 - บัญชีเงินลงทุนอื่น"
"map_gfmis_report_196","GFMIS Report","account.model_account_account","account.field_account_account_code",1203010002,"1203020199 - บัญชีเงินลงทุนอื่น"
"map_gfmis_report_197","GFMIS Report","account.model_account_account","account.field_account_account_code",1203010003,"1203020199 - บัญชีเงินลงทุนอื่น"
"map_gfmis_report_198","GFMIS Report","account.model_account_account","account.field_account_account_code",1203900001,"1203020199 - บัญชีเงินลงทุนอื่น"
"map_gfmis_report_199","GFMIS Report","account.model_account_account","account.field_account_account_code",1203900002,"1203020199 - บัญชีเงินลงทุนอื่น"
"map_gfmis_report_200","GFMIS Report","account.model_account_account","account.field_account_account_code",1203900003,"1203020199 - บัญชีเงินลงทุนอื่น"
"map_gfmis_report_201","GFMIS Report","account.model_account_account","account.field_account_account_code",1203900004,"1203020199 - บัญชีเงินลงทุนอื่น"
"map_gfmis_report_202","GFMIS Report","account.model_account_account","account.field_account_account_code",1204010001,"1203020199 - บัญชีเงินลงทุนอื่น"
"map_gfmis_report_203","GFMIS Report","account.model_account_account","account.field_account_account_code",1205010001,"1213010199 - บัญชีสินทรัพย์ไม่หมุนเวียนอื่น"
"map_gfmis_report_204","GFMIS Report","account.model_account_account","account.field_account_account_code",1205010002,"1213010199 - บัญชีสินทรัพย์ไม่หมุนเวียนอื่น"
"map_gfmis_report_205","GFMIS Report","account.model_account_account","account.field_account_account_code",1205019990,"1213010199 - บัญชีสินทรัพย์ไม่หมุนเวียนอื่น"
"map_gfmis_report_206","GFMIS Report","account.model_account_account","account.field_account_account_code",1205019991,"1213010199 - บัญชีสินทรัพย์ไม่หมุนเวียนอื่น"
"map_gfmis_report_207","GFMIS Report","account.model_account_account","account.field_account_account_code",1206020001,"1213010199 - บัญชีสินทรัพย์ไม่หมุนเวียนอื่น"
"map_gfmis_report_208","GFMIS Report","account.model_account_account","account.field_account_account_code",1206020002,"1213010199 - บัญชีสินทรัพย์ไม่หมุนเวียนอื่น"
"map_gfmis_report_209","GFMIS Report","account.model_account_account","account.field_account_account_code",1206020003,"1213010199 - บัญชีสินทรัพย์ไม่หมุนเวียนอื่น"
"map_gfmis_report_210","GFMIS Report","account.model_account_account","account.field_account_account_code",1206029990,"1213010199 - บัญชีสินทรัพย์ไม่หมุนเวียนอื่น"
"map_gfmis_report_211","GFMIS Report","account.model_account_account","account.field_account_account_code",1206029991,"1213010199 - บัญชีสินทรัพย์ไม่หมุนเวียนอื่น"
"map_gfmis_report_212","GFMIS Report","account.model_account_account","account.field_account_account_code",1207010001,"1205050101 - บัญชีอาคารและสิ่งปลูกสร้าง-INTERFACE"
"map_gfmis_report_213","GFMIS Report","account.model_account_account","account.field_account_account_code",1207010002,"1205050101 - บัญชีอาคารและสิ่งปลูกสร้าง-INTERFACE"
"map_gfmis_report_214","GFMIS Report","account.model_account_account","account.field_account_account_code",1207019990,"1205050101 - บัญชีอาคารและสิ่งปลูกสร้าง-INTERFACE"
"map_gfmis_report_215","GFMIS Report","account.model_account_account","account.field_account_account_code",1207019991,"1205050101 - บัญชีอาคารและสิ่งปลูกสร้าง-INTERFACE"
"map_gfmis_report_216","GFMIS Report","account.model_account_account","account.field_account_account_code",1208010001,"1204030101 - ที่ดิน - INTERFACE"
"map_gfmis_report_217","GFMIS Report","account.model_account_account","account.field_account_account_code",1208010002,"1205050101 - บัญชีอาคารและสิ่งปลูกสร้าง-INTERFACE"
"map_gfmis_report_218","GFMIS Report","account.model_account_account","account.field_account_account_code",1208019990,"1204030101 - ที่ดิน - INTERFACE"
"map_gfmis_report_219","GFMIS Report","account.model_account_account","account.field_account_account_code",1208019991,"1205050101 - บัญชีอาคารและสิ่งปลูกสร้าง-INTERFACE"
"map_gfmis_report_220","GFMIS Report","account.model_account_account","account.field_account_account_code",1208020001,"1205050101 - บัญชีอาคารและสิ่งปลูกสร้าง-INTERFACE"
"map_gfmis_report_221","GFMIS Report","account.model_account_account","account.field_account_account_code",1208020002,"1205050101 - บัญชีอาคารและสิ่งปลูกสร้าง-INTERFACE"
"map_gfmis_report_222","GFMIS Report","account.model_account_account","account.field_account_account_code",1208020003,"1205050101 - บัญชีอาคารและสิ่งปลูกสร้าง-INTERFACE"
"map_gfmis_report_223","GFMIS Report","account.model_account_account","account.field_account_account_code",1208020004,"1205050101 - บัญชีอาคารและสิ่งปลูกสร้าง-INTERFACE"
"map_gfmis_report_224","GFMIS Report","account.model_account_account","account.field_account_account_code",1208029990,"1205050101 - บัญชีอาคารและสิ่งปลูกสร้าง-INTERFACE"
"map_gfmis_report_225","GFMIS Report","account.model_account_account","account.field_account_account_code",1208029991,"1205050101 - บัญชีอาคารและสิ่งปลูกสร้าง-INTERFACE"
"map_gfmis_report_226","GFMIS Report","account.model_account_account","account.field_account_account_code",1208029992,"1205050101 - บัญชีอาคารและสิ่งปลูกสร้าง-INTERFACE"
"map_gfmis_report_227","GFMIS Report","account.model_account_account","account.field_account_account_code",1208029993,"1205050101 - บัญชีอาคารและสิ่งปลูกสร้าง-INTERFACE"
"map_gfmis_report_228","GFMIS Report","account.model_account_account","account.field_account_account_code",1208030001,"1206170101 - บัญชีครุภัณฑ์ - INTERFACE"
"map_gfmis_report_229","GFMIS Report","account.model_account_account","account.field_account_account_code",1208030002,"1206170101 - บัญชีครุภัณฑ์ - INTERFACE"
"map_gfmis_report_230","GFMIS Report","account.model_account_account","account.field_account_account_code",1208030003,"1206170101 - บัญชีครุภัณฑ์ - INTERFACE"
"map_gfmis_report_231","GFMIS Report","account.model_account_account","account.field_account_account_code",1208030004,"1206170101 - บัญชีครุภัณฑ์ - INTERFACE"
"map_gfmis_report_232","GFMIS Report","account.model_account_account","account.field_account_account_code",1208030005,"1206170101 - บัญชีครุภัณฑ์ - INTERFACE"
"map_gfmis_report_233","GFMIS Report","account.model_account_account","account.field_account_account_code",1208030006,"1206170101 - บัญชีครุภัณฑ์ - INTERFACE"
"map_gfmis_report_234","GFMIS Report","account.model_account_account","account.field_account_account_code",1208030007,"1206170101 - บัญชีครุภัณฑ์ - INTERFACE"
"map_gfmis_report_235","GFMIS Report","account.model_account_account","account.field_account_account_code",1208030008,"1206170101 - บัญชีครุภัณฑ์ - INTERFACE"
"map_gfmis_report_236","GFMIS Report","account.model_account_account","account.field_account_account_code",1208030009,"1206170101 - บัญชีครุภัณฑ์ - INTERFACE"
"map_gfmis_report_237","GFMIS Report","account.model_account_account","account.field_account_account_code",1208039990,"1206170101 - บัญชีครุภัณฑ์ - INTERFACE"
"map_gfmis_report_238","GFMIS Report","account.model_account_account","account.field_account_account_code",1208039991,"1206170101 - บัญชีครุภัณฑ์ - INTERFACE"
"map_gfmis_report_239","GFMIS Report","account.model_account_account","account.field_account_account_code",1208039992,"1206170101 - บัญชีครุภัณฑ์ - INTERFACE"
"map_gfmis_report_240","GFMIS Report","account.model_account_account","account.field_account_account_code",1208039993,"1206170101 - บัญชีครุภัณฑ์ - INTERFACE"
"map_gfmis_report_241","GFMIS Report","account.model_account_account","account.field_account_account_code",1208039994,"1206170101 - บัญชีครุภัณฑ์ - INTERFACE"
"map_gfmis_report_242","GFMIS Report","account.model_account_account","account.field_account_account_code",1208039995,"1206170101 - บัญชีครุภัณฑ์ - INTERFACE"
"map_gfmis_report_243","GFMIS Report","account.model_account_account","account.field_account_account_code",1208039996,"1206170101 - บัญชีครุภัณฑ์ - INTERFACE"
"map_gfmis_report_244","GFMIS Report","account.model_account_account","account.field_account_account_code",1208039997,"1206170101 - บัญชีครุภัณฑ์ - INTERFACE"
"map_gfmis_report_245","GFMIS Report","account.model_account_account","account.field_account_account_code",1208039998,"1206170101 - บัญชีครุภัณฑ์ - INTERFACE"
"map_gfmis_report_246","GFMIS Report","account.model_account_account","account.field_account_account_code",1209010001,"1206170101 - บัญชีครุภัณฑ์ - INTERFACE"
"map_gfmis_report_247","GFMIS Report","account.model_account_account","account.field_account_account_code",1209019990,"1206170101 - บัญชีครุภัณฑ์ - INTERFACE"
"map_gfmis_report_248","GFMIS Report","account.model_account_account","account.field_account_account_code",1210010001,"1209030101 - สินทรัพย์ไม่มีตัวตน - INTERFACE"
"map_gfmis_report_249","GFMIS Report","account.model_account_account","account.field_account_account_code",1210019990,"1209030101 - สินทรัพย์ไม่มีตัวตน - INTERFACE"
"map_gfmis_report_250","GFMIS Report","account.model_account_account","account.field_account_account_code",1211010001,"1206170101 - บัญชีครุภัณฑ์ - INTERFACE"
"map_gfmis_report_251","GFMIS Report","account.model_account_account","account.field_account_account_code",1212010001,"1205050102 - บัญชีค่าเสื่อมราคาสะสมอาคารและสิ่งปลูกสร้าง-INTERF"
"map_gfmis_report_252","GFMIS Report","account.model_account_account","account.field_account_account_code",1212010002,"1205050102 - บัญชีค่าเสื่อมราคาสะสมอาคารและสิ่งปลูกสร้าง-INTERF"
"map_gfmis_report_253","GFMIS Report","account.model_account_account","account.field_account_account_code",1212019990,"1205050102 - บัญชีค่าเสื่อมราคาสะสมอาคารและสิ่งปลูกสร้าง-INTERF"
"map_gfmis_report_254","GFMIS Report","account.model_account_account","account.field_account_account_code",1212019991,"1205050102 - บัญชีค่าเสื่อมราคาสะสมอาคารและสิ่งปลูกสร้าง-INTERF"
"map_gfmis_report_255","GFMIS Report","account.model_account_account","account.field_account_account_code",1212020001,"1205050102 - บัญชีค่าเสื่อมราคาสะสมอาคารและสิ่งปลูกสร้าง-INTERF"
"map_gfmis_report_256","GFMIS Report","account.model_account_account","account.field_account_account_code",1212029990,"1205050102 - บัญชีค่าเสื่อมราคาสะสมอาคารและสิ่งปลูกสร้าง-INTERF"
"map_gfmis_report_257","GFMIS Report","account.model_account_account","account.field_account_account_code",1212030001,"1205050102 - บัญชีค่าเสื่อมราคาสะสมอาคารและสิ่งปลูกสร้าง-INTERF"
"map_gfmis_report_258","GFMIS Report","account.model_account_account","account.field_account_account_code",1212030002,"1205050102 - บัญชีค่าเสื่อมราคาสะสมอาคารและสิ่งปลูกสร้าง-INTERF"
"map_gfmis_report_259","GFMIS Report","account.model_account_account","account.field_account_account_code",1212030003,"1205050102 - บัญชีค่าเสื่อมราคาสะสมอาคารและสิ่งปลูกสร้าง-INTERF"
"map_gfmis_report_260","GFMIS Report","account.model_account_account","account.field_account_account_code",1212030004,"1205050102 - บัญชีค่าเสื่อมราคาสะสมอาคารและสิ่งปลูกสร้าง-INTERF"
"map_gfmis_report_261","GFMIS Report","account.model_account_account","account.field_account_account_code",1212039990,"1205050102 - บัญชีค่าเสื่อมราคาสะสมอาคารและสิ่งปลูกสร้าง-INTERF"
"map_gfmis_report_262","GFMIS Report","account.model_account_account","account.field_account_account_code",1212039991,"1205050102 - บัญชีค่าเสื่อมราคาสะสมอาคารและสิ่งปลูกสร้าง-INTERF"
"map_gfmis_report_263","GFMIS Report","account.model_account_account","account.field_account_account_code",1212039992,"1205050102 - บัญชีค่าเสื่อมราคาสะสมอาคารและสิ่งปลูกสร้าง-INTERF"
"map_gfmis_report_264","GFMIS Report","account.model_account_account","account.field_account_account_code",1212039993,"1205050102 - บัญชีค่าเสื่อมราคาสะสมอาคารและสิ่งปลูกสร้าง-INTERF"
"map_gfmis_report_265","GFMIS Report","account.model_account_account","account.field_account_account_code",1212040001,"1206170102 - บัญชีครุภัณฑ์ ค่าเสื่อมราคาสะสม  - INTERFACE"
"map_gfmis_report_266","GFMIS Report","account.model_account_account","account.field_account_account_code",1212040002,"1206170102 - บัญชีครุภัณฑ์ ค่าเสื่อมราคาสะสม  - INTERFACE"
"map_gfmis_report_267","GFMIS Report","account.model_account_account","account.field_account_account_code",1212040003,"1206170102 - บัญชีครุภัณฑ์ ค่าเสื่อมราคาสะสม  - INTERFACE"
"map_gfmis_report_268","GFMIS Report","account.model_account_account","account.field_account_account_code",1212040004,"1206170102 - บัญชีครุภัณฑ์ ค่าเสื่อมราคาสะสม  - INTERFACE"
"map_gfmis_report_269","GFMIS Report","account.model_account_account","account.field_account_account_code",1212040005,"1206170102 - บัญชีครุภัณฑ์ ค่าเสื่อมราคาสะสม  - INTERFACE"
"map_gfmis_report_270","GFMIS Report","account.model_account_account","account.field_account_account_code",1212040006,"1206170102 - บัญชีครุภัณฑ์ ค่าเสื่อมราคาสะสม  - INTERFACE"
"map_gfmis_report_271","GFMIS Report","account.model_account_account","account.field_account_account_code",1212040007,"1206170102 - บัญชีครุภัณฑ์ ค่าเสื่อมราคาสะสม  - INTERFACE"
"map_gfmis_report_272","GFMIS Report","account.model_account_account","account.field_account_account_code",1212040008,"1206170102 - บัญชีครุภัณฑ์ ค่าเสื่อมราคาสะสม  - INTERFACE"
"map_gfmis_report_273","GFMIS Report","account.model_account_account","account.field_account_account_code",1212040009,"1206170102 - บัญชีครุภัณฑ์ ค่าเสื่อมราคาสะสม  - INTERFACE"
"map_gfmis_report_274","GFMIS Report","account.model_account_account","account.field_account_account_code",1212049990,"1206170102 - บัญชีครุภัณฑ์ ค่าเสื่อมราคาสะสม  - INTERFACE"
"map_gfmis_report_275","GFMIS Report","account.model_account_account","account.field_account_account_code",1212049991,"1206170102 - บัญชีครุภัณฑ์ ค่าเสื่อมราคาสะสม  - INTERFACE"
"map_gfmis_report_276","GFMIS Report","account.model_account_account","account.field_account_account_code",1212049992,"1206170102 - บัญชีครุภัณฑ์ ค่าเสื่อมราคาสะสม  - INTERFACE"
"map_gfmis_report_277","GFMIS Report","account.model_account_account","account.field_account_account_code",1212049993,"1206170102 - บัญชีครุภัณฑ์ ค่าเสื่อมราคาสะสม  - INTERFACE"
"map_gfmis_report_278","GFMIS Report","account.model_account_account","account.field_account_account_code",1212049994,"1206170102 - บัญชีครุภัณฑ์ ค่าเสื่อมราคาสะสม  - INTERFACE"
"map_gfmis_report_279","GFMIS Report","account.model_account_account","account.field_account_account_code",1212049995,"1206170102 - บัญชีครุภัณฑ์ ค่าเสื่อมราคาสะสม  - INTERFACE"
"map_gfmis_report_280","GFMIS Report","account.model_account_account","account.field_account_account_code",1212049996,"1206170102 - บัญชีครุภัณฑ์ ค่าเสื่อมราคาสะสม  - INTERFACE"
"map_gfmis_report_281","GFMIS Report","account.model_account_account","account.field_account_account_code",1212049997,"1206170102 - บัญชีครุภัณฑ์ ค่าเสื่อมราคาสะสม  - INTERFACE"
"map_gfmis_report_282","GFMIS Report","account.model_account_account","account.field_account_account_code",1212049998,"1206170102 - บัญชีครุภัณฑ์ ค่าเสื่อมราคาสะสม  - INTERFACE"
"map_gfmis_report_283","GFMIS Report","account.model_account_account","account.field_account_account_code",1212050001,"1206170102 - บัญชีครุภัณฑ์ ค่าเสื่อมราคาสะสม  - INTERFACE"
"map_gfmis_report_284","GFMIS Report","account.model_account_account","account.field_account_account_code",1212059990,"1206170102 - บัญชีครุภัณฑ์ ค่าเสื่อมราคาสะสม  - INTERFACE"
"map_gfmis_report_285","GFMIS Report","account.model_account_account","account.field_account_account_code",1212060001,"1209030102 - บัญชีค่าตัดจำหน่ายสะสมสินทรัพย์ไม่มีตัวตน  - INTER"
"map_gfmis_report_286","GFMIS Report","account.model_account_account","account.field_account_account_code",1212069990,"1209030102 - บัญชีค่าตัดจำหน่ายสะสมสินทรัพย์ไม่มีตัวตน  - INTER"
"map_gfmis_report_287","GFMIS Report","account.model_account_account","account.field_account_account_code",1212070001,"1206170102 - บัญชีครุภัณฑ์ ค่าเสื่อมราคาสะสม  - INTERFACE"
"map_gfmis_report_288","GFMIS Report","account.model_account_account","account.field_account_account_code",1213010001,"1211010103 - งานระหว่างก่อสร้าง - INTERFACE"
"map_gfmis_report_289","GFMIS Report","account.model_account_account","account.field_account_account_code",1213010002,"1211010103 - งานระหว่างก่อสร้าง - INTERFACE"
"map_gfmis_report_290","GFMIS Report","account.model_account_account","account.field_account_account_code",1213010003,"1211010103 - งานระหว่างก่อสร้าง - INTERFACE"
"map_gfmis_report_291","GFMIS Report","account.model_account_account","account.field_account_account_code",1213010004,"1211010103 - งานระหว่างก่อสร้าง - INTERFACE"
"map_gfmis_report_292","GFMIS Report","account.model_account_account","account.field_account_account_code",1213019990,"1211010103 - งานระหว่างก่อสร้าง - INTERFACE"
"map_gfmis_report_293","GFMIS Report","account.model_account_account","account.field_account_account_code",1213019991,"1211010103 - งานระหว่างก่อสร้าง - INTERFACE"
"map_gfmis_report_294","GFMIS Report","account.model_account_account","account.field_account_account_code",1213019992,"1211010103 - งานระหว่างก่อสร้าง - INTERFACE"
"map_gfmis_report_295","GFMIS Report","account.model_account_account","account.field_account_account_code",1213019993,"1211010103 - งานระหว่างก่อสร้าง - INTERFACE"
"map_gfmis_report_296","GFMIS Report","account.model_account_account","account.field_account_account_code",1214010001,"1206170101 - บัญชีครุภัณฑ์ - INTERFACE"
"map_gfmis_report_297","GFMIS Report","account.model_account_account","account.field_account_account_code",1214010002,"1206170101 - บัญชีครุภัณฑ์ - INTERFACE"
"map_gfmis_report_298","GFMIS Report","account.model_account_account","account.field_account_account_code",1214010003,"1206170101 - บัญชีครุภัณฑ์ - INTERFACE"
"map_gfmis_report_299","GFMIS Report","account.model_account_account","account.field_account_account_code",1214010004,"1206170101 - บัญชีครุภัณฑ์ - INTERFACE"
"map_gfmis_report_300","GFMIS Report","account.model_account_account","account.field_account_account_code",1214010005,"1206170101 - บัญชีครุภัณฑ์ - INTERFACE"
"map_gfmis_report_301","GFMIS Report","account.model_account_account","account.field_account_account_code",1214019990,"1206170101 - บัญชีครุภัณฑ์ - INTERFACE"
"map_gfmis_report_302","GFMIS Report","account.model_account_account","account.field_account_account_code",1290010001,"1106010199 - บัญชีสินทรัพย์หมุนเวียนอื่น"
"map_gfmis_report_303","GFMIS Report","account.model_account_account","account.field_account_account_code",1290019900,"1106010199 - บัญชีสินทรัพย์หมุนเวียนอื่น"
"map_gfmis_report_304","GFMIS Report","account.model_account_account","account.field_account_account_code",2101010001,"2101010107 - เจ้าหนี้การค้า INTERFACE-บุคคลภายนอก"
"map_gfmis_report_305","GFMIS Report","account.model_account_account","account.field_account_account_code",2101010002,"2101010107 - เจ้าหนี้การค้า INTERFACE-บุคคลภายนอก"
"map_gfmis_report_306","GFMIS Report","account.model_account_account","account.field_account_account_code",2101010003,"2101010107 - เจ้าหนี้การค้า INTERFACE-บุคคลภายนอก"
"map_gfmis_report_307","GFMIS Report","account.model_account_account","account.field_account_account_code",2101010004,"2101010107 - เจ้าหนี้การค้า INTERFACE-บุคคลภายนอก"
"map_gfmis_report_308","GFMIS Report","account.model_account_account","account.field_account_account_code",2101019990,"2101010107 - เจ้าหนี้การค้า INTERFACE-บุคคลภายนอก"
"map_gfmis_report_309","GFMIS Report","account.model_account_account","account.field_account_account_code",2101019991,"2101010107 - เจ้าหนี้การค้า INTERFACE-บุคคลภายนอก"
"map_gfmis_report_310","GFMIS Report","account.model_account_account","account.field_account_account_code",2102010001,"2101020199 - บัญชีเจ้าหนื้อื่น - บุคคลภายนอก"
"map_gfmis_report_311","GFMIS Report","account.model_account_account","account.field_account_account_code",2102010002,"2111020199 - บัญชีเงินรับฝากอื่น"
"map_gfmis_report_312","GFMIS Report","account.model_account_account","account.field_account_account_code",2102019900,"2101020199 - บัญชีเจ้าหนื้อื่น - บุคคลภายนอก"
"map_gfmis_report_313","GFMIS Report","account.model_account_account","account.field_account_account_code",2102019990,"2101020199 - บัญชีเจ้าหนื้อื่น - บุคคลภายนอก"
"map_gfmis_report_314","GFMIS Report","account.model_account_account","account.field_account_account_code",2103010001,"2102040199 - บัญชีค่าใช้จ่ายค้างจ่ายอื่น บุคคลภายนอก"
"map_gfmis_report_315","GFMIS Report","account.model_account_account","account.field_account_account_code",2104010001,"2103010103 - บัญชีรายได้ค่าบริการรับล่วงหน้า"
"map_gfmis_report_316","GFMIS Report","account.model_account_account","account.field_account_account_code",2105010001,"2102040199 - บัญชีค่าใช้จ่ายค้างจ่ายอื่น บุคคลภายนอก"
"map_gfmis_report_317","GFMIS Report","account.model_account_account","account.field_account_account_code",2105010002,"2111020199 - บัญชีเงินรับฝากอื่น"
"map_gfmis_report_318","GFMIS Report","account.model_account_account","account.field_account_account_code",2105010003,"2111020199 - บัญชีเงินรับฝากอื่น"
"map_gfmis_report_319","GFMIS Report","account.model_account_account","account.field_account_account_code",2106010001,"2101020199 - บัญชีเจ้าหนื้อื่น - บุคคลภายนอก"
"map_gfmis_report_320","GFMIS Report","account.model_account_account","account.field_account_account_code",2106010002,"2101020199 - บัญชีเจ้าหนื้อื่น - บุคคลภายนอก"
"map_gfmis_report_321","GFMIS Report","account.model_account_account","account.field_account_account_code",2107010001,"2111020199 - บัญชีเงินรับฝากอื่น"
"map_gfmis_report_322","GFMIS Report","account.model_account_account","account.field_account_account_code",2190010001,"2116010199 - บัญชีหนี้สินหมุนเวียนอื่น"
"map_gfmis_report_323","GFMIS Report","account.model_account_account","account.field_account_account_code",2190019900,"2116010199 - บัญชีหนี้สินหมุนเวียนอื่น"
"map_gfmis_report_324","GFMIS Report","account.model_account_account","account.field_account_account_code",2201010001,"2213010199 - บัญชีหนี้สินไม่หมุนเวียนอื่น"
"map_gfmis_report_325","GFMIS Report","account.model_account_account","account.field_account_account_code",2201010002,"2213010199 - บัญชีหนี้สินไม่หมุนเวียนอื่น"
"map_gfmis_report_326","GFMIS Report","account.model_account_account","account.field_account_account_code",2202010001,"2213010199 - บัญชีหนี้สินไม่หมุนเวียนอื่น"
"map_gfmis_report_327","GFMIS Report","account.model_account_account","account.field_account_account_code",2203010001,"2112010199 - บัญชีเงินประกันอื่น"
"map_gfmis_report_328","GFMIS Report","account.model_account_account","account.field_account_account_code",2203010002,"2112010199 - บัญชีเงินประกันอื่น"
"map_gfmis_report_329","GFMIS Report","account.model_account_account","account.field_account_account_code",2203010003,"2112010199 - บัญชีเงินประกันอื่น"
"map_gfmis_report_330","GFMIS Report","account.model_account_account","account.field_account_account_code",2203010004,"2112010199 - บัญชีเงินประกันอื่น"
"map_gfmis_report_331","GFMIS Report","account.model_account_account","account.field_account_account_code",2203010005,"2112010199 - บัญชีเงินประกันอื่น"
"map_gfmis_report_332","GFMIS Report","account.model_account_account","account.field_account_account_code",2203010006,"2112010199 - บัญชีเงินประกันอื่น"
"map_gfmis_report_333","GFMIS Report","account.model_account_account","account.field_account_account_code",2290019900,"2213010199 - บัญชีหนี้สินไม่หมุนเวียนอื่น"
"map_gfmis_report_334","GFMIS Report","account.model_account_account","account.field_account_account_code",3101010001,"3105010101 - บัญชีทุนของหน่วยงาน"
"map_gfmis_report_335","GFMIS Report","account.model_account_account","account.field_account_account_code",3101010002,"3105010101 - บัญชีทุนของหน่วยงาน"
"map_gfmis_report_336","GFMIS Report","account.model_account_account","account.field_account_account_code",3101010003,"3105010101 - บัญชีทุนของหน่วยงาน"
"map_gfmis_report_337","GFMIS Report","account.model_account_account","account.field_account_account_code",3101010004,"3105010101 - บัญชีทุนของหน่วยงาน"
"map_gfmis_report_338","GFMIS Report","account.model_account_account","account.field_account_account_code",3101010005,"3105010101 - บัญชีทุนของหน่วยงาน"
"map_gfmis_report_339","GFMIS Report","account.model_account_account","account.field_account_account_code",3101010006,"3105010101 - บัญชีทุนของหน่วยงาน"
"map_gfmis_report_340","GFMIS Report","account.model_account_account","account.field_account_account_code",3101010007,"3105010101 - บัญชีทุนของหน่วยงาน"
"map_gfmis_report_341","GFMIS Report","account.model_account_account","account.field_account_account_code",3101010008,"3105010101 - บัญชีทุนของหน่วยงาน"
"map_gfmis_report_342","GFMIS Report","account.model_account_account","account.field_account_account_code",3101010009,"3105010101 - บัญชีทุนของหน่วยงาน"
"map_gfmis_report_343","GFMIS Report","account.model_account_account","account.field_account_account_code",3201010001,"3105010101 - บัญชีทุนของหน่วยงาน"
"map_gfmis_report_344","GFMIS Report","account.model_account_account","account.field_account_account_code",3301010001,"3102010101 - บัญชีรายได้สูง /(ต่ำ) กว่าค่าใช้จ่ายสะสมยกมา"
"map_gfmis_report_345","GFMIS Report","account.model_account_account","account.field_account_account_code",3301010002,"3102010107 - บัญชีผลสะสมจากการเปลี่ยนแปลงนโยบายบัญชี"
"map_gfmis_report_346","GFMIS Report","account.model_account_account","account.field_account_account_code",4101010001,"4302010199 - บัญชีรายได้จากการอุดหนุนเพื่อการดำเนินงานอื่น"
"map_gfmis_report_347","GFMIS Report","account.model_account_account","account.field_account_account_code",4201010001,"4302010199 - บัญชีรายได้จากการอุดหนุนเพื่อการดำเนินงานอื่น"
"map_gfmis_report_348","GFMIS Report","account.model_account_account","account.field_account_account_code",4202010001,"4302010199 - บัญชีรายได้จากการอุดหนุนเพื่อการดำเนินงานอื่น"
"map_gfmis_report_349","GFMIS Report","account.model_account_account","account.field_account_account_code",4202010003,"4302010199 - บัญชีรายได้จากการอุดหนุนเพื่อการดำเนินงานอื่น"
"map_gfmis_report_350","GFMIS Report","account.model_account_account","account.field_account_account_code",4202019900,"4302010199 - บัญชีรายได้จากการอุดหนุนเพื่อการดำเนินงานอื่น"
"map_gfmis_report_351","GFMIS Report","account.model_account_account","account.field_account_account_code",4301010001,"4301020102 - บัญชีรายได้จากการให้บริการ-บุคคลภายนอก"
"map_gfmis_report_352","GFMIS Report","account.model_account_account","account.field_account_account_code",4302010001,"4301010102 - บัญชีรายได้จากการขายสินค้า-บุคคลภายนอก"
"map_gfmis_report_353","GFMIS Report","account.model_account_account","account.field_account_account_code",4302010002,"4301020102 - บัญชีรายได้จากการให้บริการ-บุคคลภายนอก"
"map_gfmis_report_354","GFMIS Report","account.model_account_account","account.field_account_account_code",4302010003,"4301020102 - บัญชีรายได้จากการให้บริการ-บุคคลภายนอก"
"map_gfmis_report_355","GFMIS Report","account.model_account_account","account.field_account_account_code",4303010001,"4313010199 - บัญชีรายได้อื่น"
"map_gfmis_report_356","GFMIS Report","account.model_account_account","account.field_account_account_code",4304010001,"4301010102 - บัญชีรายได้จากการขายสินค้า-บุคคลภายนอก"
"map_gfmis_report_357","GFMIS Report","account.model_account_account","account.field_account_account_code",4305010001,"4301030102 - บัญชีรายได้ค่าเช่าอหังสาริมทรัพย์-บุคคลภายนอก"
"map_gfmis_report_358","GFMIS Report","account.model_account_account","account.field_account_account_code",4305010002,"4301020102 - บัญชีรายได้จากการให้บริการ-บุคคลภายนอก"
"map_gfmis_report_359","GFMIS Report","account.model_account_account","account.field_account_account_code",4305010003,"4313010199 - บัญชีรายได้อื่น"
"map_gfmis_report_360","GFMIS Report","account.model_account_account","account.field_account_account_code",4305010004,"4301020102 - บัญชีรายได้จากการให้บริการ-บุคคลภายนอก"
"map_gfmis_report_361","GFMIS Report","account.model_account_account","account.field_account_account_code",4305010005,"4301020102 - บัญชีรายได้จากการให้บริการ-บุคคลภายนอก"
"map_gfmis_report_362","GFMIS Report","account.model_account_account","account.field_account_account_code",4305010006,"4301020102 - บัญชีรายได้จากการให้บริการ-บุคคลภายนอก"
"map_gfmis_report_363","GFMIS Report","account.model_account_account","account.field_account_account_code",4305010007,"4301020102 - บัญชีรายได้จากการให้บริการ-บุคคลภายนอก"
"map_gfmis_report_364","GFMIS Report","account.model_account_account","account.field_account_account_code",4306010001,"4301020102 - บัญชีรายได้จากการให้บริการ-บุคคลภายนอก"
"map_gfmis_report_365","GFMIS Report","account.model_account_account","account.field_account_account_code",4306010002,"4301020102 - บัญชีรายได้จากการให้บริการ-บุคคลภายนอก"
"map_gfmis_report_366","GFMIS Report","account.model_account_account","account.field_account_account_code",4307010001,"4301020102 - บัญชีรายได้จากการให้บริการ-บุคคลภายนอก"
"map_gfmis_report_367","GFMIS Report","account.model_account_account","account.field_account_account_code",4308010001,"4301010102 - บัญชีรายได้จากการขายสินค้า-บุคคลภายนอก"
"map_gfmis_report_368","GFMIS Report","account.model_account_account","account.field_account_account_code",4309010001,"4301020102 - บัญชีรายได้จากการให้บริการ-บุคคลภายนอก"
"map_gfmis_report_369","GFMIS Report","account.model_account_account","account.field_account_account_code",4390010001,"4301020102 - บัญชีรายได้จากการให้บริการ-บุคคลภายนอก"
"map_gfmis_report_370","GFMIS Report","account.model_account_account","account.field_account_account_code",4901010001,"4303010101 - บัญชีรายได้ดอกเบี้ยเงินฝากจากสถาบันการเงิน"
"map_gfmis_report_371","GFMIS Report","account.model_account_account","account.field_account_account_code",4901010002,"4304010101 - บัญชีรายได้เงินปันผล"
"map_gfmis_report_372","GFMIS Report","account.model_account_account","account.field_account_account_code",4902010001,"4313010199 - บัญชีรายได้อื่น"
"map_gfmis_report_373","GFMIS Report","account.model_account_account","account.field_account_account_code",4990010001,"4313010199 - บัญชีรายได้อื่น"
"map_gfmis_report_374","GFMIS Report","account.model_account_account","account.field_account_account_code",4990010002,"4313010199 - บัญชีรายได้อื่น"
"map_gfmis_report_375","GFMIS Report","account.model_account_account","account.field_account_account_code",4990010003,"4313010103 - บัญชีรายได้ค่าปรับ"
"map_gfmis_report_376","GFMIS Report","account.model_account_account","account.field_account_account_code",4990010005,"4313010199 - บัญชีรายได้อื่น"
"map_gfmis_report_377","GFMIS Report","account.model_account_account","account.field_account_account_code",4990010006,"4313010199 - บัญชีรายได้อื่น"
"map_gfmis_report_378","GFMIS Report","account.model_account_account","account.field_account_account_code",4990010007,"4313010199 - บัญชีรายได้อื่น"
"map_gfmis_report_379","GFMIS Report","account.model_account_account","account.field_account_account_code",4990019990,"4301020102 - บัญชีรายได้จากการให้บริการ-บุคคลภายนอก"
"map_gfmis_report_380","GFMIS Report","account.model_account_account","account.field_account_account_code",4990020001,"4305010104 - บัญชีกำไรที่เกิดขึ้นแล้วจากอัตราแลกเปลี่ยนอื่น"
"map_gfmis_report_381","GFMIS Report","account.model_account_account","account.field_account_account_code",5101010001,"5101010113 - บัญชีค่าจ้าง"
"map_gfmis_report_382","GFMIS Report","account.model_account_account","account.field_account_account_code",5101010002,"5101010113 - บัญชีค่าจ้าง"
"map_gfmis_report_383","GFMIS Report","account.model_account_account","account.field_account_account_code",5101020001,"5101010108 - บัญชีค่าล่วงเวลา"
"map_gfmis_report_384","GFMIS Report","account.model_account_account","account.field_account_account_code",5101020002,"5101010108 - บัญชีค่าล่วงเวลา"
"map_gfmis_report_385","GFMIS Report","account.model_account_account","account.field_account_account_code",5101030001,"5101010113 - บัญชีค่าจ้าง"
"map_gfmis_report_386","GFMIS Report","account.model_account_account","account.field_account_account_code",5102010001,"5101040106 - บัญชีเงินบำเหน็จ"
"map_gfmis_report_387","GFMIS Report","account.model_account_account","account.field_account_account_code",5102020001,"5101020105 - บัญชีเงินสมทบ กสจ."
"map_gfmis_report_388","GFMIS Report","account.model_account_account","account.field_account_account_code",5102030001,"5101030207 - บัญชีเงินช่วยเหลือค่ารักษาพยาบาลผู้ป่วยนอก-รพ.เอกน"
"map_gfmis_report_389","GFMIS Report","account.model_account_account","account.field_account_account_code",5102040001,"5101030101 - บัญชีเงินช่วยการศึกษาบุตร"
"map_gfmis_report_390","GFMIS Report","account.model_account_account","account.field_account_account_code",5102050001,"5101040119 - บัญชีเงินชดเชยกรณีเลิกจ้าง"
"map_gfmis_report_391","GFMIS Report","account.model_account_account","account.field_account_account_code",5102060001,"5101020199 - บัญชีค่าใช้จ่ายบุคลากรอื่น"
"map_gfmis_report_392","GFMIS Report","account.model_account_account","account.field_account_account_code",5102070001,"5101020199 - บัญชีค่าใช้จ่ายบุคลากรอื่น"
"map_gfmis_report_393","GFMIS Report","account.model_account_account","account.field_account_account_code",5102080001,"5101010113 - บัญชีค่าจ้าง"
"map_gfmis_report_394","GFMIS Report","account.model_account_account","account.field_account_account_code",5102090001,"5101020110 - บัญชีค่าเบี้ยประกันชีวิต"
"map_gfmis_report_395","GFMIS Report","account.model_account_account","account.field_account_account_code",5102100001,"5101020199 - บัญชีค่าใช้จ่ายบุคลากรอื่น"
"map_gfmis_report_396","GFMIS Report","account.model_account_account","account.field_account_account_code",5102110001,"5101020199 - บัญชีค่าใช้จ่ายบุคลากรอื่น"
"map_gfmis_report_397","GFMIS Report","account.model_account_account","account.field_account_account_code",5103010001,"5102010199 - บัญชีค่าใช้จ่ายด้านการฝึกอบรม-ในประเทศ"
"map_gfmis_report_398","GFMIS Report","account.model_account_account","account.field_account_account_code",5103020001,"5102020199 - บัญชีค่าใช้จ่ายด้านการฝึกอบรม-ต่างประเทศ"
"map_gfmis_report_399","GFMIS Report","account.model_account_account","account.field_account_account_code",5201010001,"5104030207 - บัญชีค่าใช้จ่ายในการประชุม"
"map_gfmis_report_400","GFMIS Report","account.model_account_account","account.field_account_account_code",5201010002,"5104040199 - บัญชีค่าตอบแทนอื่น"
"map_gfmis_report_401","GFMIS Report","account.model_account_account","account.field_account_account_code",5201010003,"5104040102 - บัญชีค่าตอบแทนเฉพาะงาน"
"map_gfmis_report_402","GFMIS Report","account.model_account_account","account.field_account_account_code",5201010004,"5104040199 - บัญชีค่าตอบแทนอื่น"
"map_gfmis_report_403","GFMIS Report","account.model_account_account","account.field_account_account_code",5202010001,"5102030199 - บัญชีค่าใช้จ่ายด้านการฝึกอบรม-บุคคลภายนอก"
"map_gfmis_report_404","GFMIS Report","account.model_account_account","account.field_account_account_code",5202020001,"5103010199 - บัญชีค่าใช้จ่ายเดินทางอื่น-ในประเทศ"
"map_gfmis_report_405","GFMIS Report","account.model_account_account","account.field_account_account_code",5202020002,"5103020199 - บัญชีค่าใช้จ่ายเดินทางอื่น-ต่างประเทศ"
"map_gfmis_report_406","GFMIS Report","account.model_account_account","account.field_account_account_code",5202040001,"5104010114 - บัญชีค่าธรรมเนียมทางกฎหมาย"
"map_gfmis_report_407","GFMIS Report","account.model_account_account","account.field_account_account_code",5202050001,"5104010114 - บัญชีค่าธรรมเนียมทางกฎหมาย"
"map_gfmis_report_408","GFMIS Report","account.model_account_account","account.field_account_account_code",5202060001,"5104010107 - บัญชีค่าซ่อมแซมและค่าบำรุงรักษา"
"map_gfmis_report_409","GFMIS Report","account.model_account_account","account.field_account_account_code",5202080001,"5104030203 - บัญชีค่าเบี้ยประกันภัย"
"map_gfmis_report_410","GFMIS Report","account.model_account_account","account.field_account_account_code",5202080002,"5104030203 - บัญชีค่าเบี้ยประกันภัย"
"map_gfmis_report_411","GFMIS Report","account.model_account_account","account.field_account_account_code",5202100001,"5103020199 - บัญชีค่าใช้จ่ายเดินทางอื่น-ต่างประเทศ"
"map_gfmis_report_412","GFMIS Report","account.model_account_account","account.field_account_account_code",5202110001,"5104030299 - บัญชีค่าใช้สอยอื่นๆ"
"map_gfmis_report_413","GFMIS Report","account.model_account_account","account.field_account_account_code",5202110002,"5104030299 - บัญชีค่าใช้สอยอื่นๆ"
"map_gfmis_report_414","GFMIS Report","account.model_account_account","account.field_account_account_code",5202110003,"5104030299 - บัญชีค่าใช้สอยอื่นๆ"
"map_gfmis_report_415","GFMIS Report","account.model_account_account","account.field_account_account_code",5202120001,"5104030212 - บัญชีค่าเช่าเบ็ดเตล็ด - บุคคลภายนอก"
"map_gfmis_report_416","GFMIS Report","account.model_account_account","account.field_account_account_code",5202120002,"5104030209 - บัญชีค่าเช่าอสังหาริมทรัพย์- หน่วยงานภาครัฐ"
"map_gfmis_report_417","GFMIS Report","account.model_account_account","account.field_account_account_code",5202120003,"5104030210 - บัญชีค่าเช่าอสังหาริมทรัพย์- บุคคลภายนอก"
"map_gfmis_report_418","GFMIS Report","account.model_account_account","account.field_account_account_code",5202120004,"5104030212 - บัญชีค่าเช่าเบ็ดเตล็ด - บุคคลภายนอก"
"map_gfmis_report_419","GFMIS Report","account.model_account_account","account.field_account_account_code",5202130001,"5104010112 - บัญชีค่าจ้างเหมาบริการ - บุคคลภายนอก"
"map_gfmis_report_420","GFMIS Report","account.model_account_account","account.field_account_account_code",5202140001,"5104010112 - บัญชีค่าจ้างเหมาบริการ - บุคคลภายนอก"
"map_gfmis_report_421","GFMIS Report","account.model_account_account","account.field_account_account_code",5202150001,"5104030219 - บัญชีค่าประชาสัมพันธ์"
"map_gfmis_report_422","GFMIS Report","account.model_account_account","account.field_account_account_code",5202160001,"5104030299 - บัญชีค่าใช้สอยอื่นๆ"
"map_gfmis_report_423","GFMIS Report","account.model_account_account","account.field_account_account_code",5202160002,"5104030299 - บัญชีค่าใช้สอยอื่นๆ"
"map_gfmis_report_424","GFMIS Report","account.model_account_account","account.field_account_account_code",5202170001,"5108010106 - บัญชีหนี้สูญ - ลูกหนี้อื่น"
"map_gfmis_report_425","GFMIS Report","account.model_account_account","account.field_account_account_code",5202170002,"5108010112 - บัญชีหนี้สงสัยจะสูญ - ลูกหนี้อื่น"
"map_gfmis_report_426","GFMIS Report","account.model_account_account","account.field_account_account_code",5202180001,"5104030299 - บัญชีค่าใช้สอยอื่นๆ"
"map_gfmis_report_427","GFMIS Report","account.model_account_account","account.field_account_account_code",5202180002,"5104030299 - บัญชีค่าใช้สอยอื่นๆ"
"map_gfmis_report_428","GFMIS Report","account.model_account_account","account.field_account_account_code",5202180003,"4301020102 - บัญชีรายได้จากการให้บริการ-บุคคลภายนอก"
"map_gfmis_report_429","GFMIS Report","account.model_account_account","account.field_account_account_code",5202189900,"5104010112 - บัญชีค่าจ้างเหมาบริการ - บุคคลภายนอก"
"map_gfmis_report_430","GFMIS Report","account.model_account_account","account.field_account_account_code",5203010001,"5104010104 - บัญชีค่าวัสดุใช้ไป"
"map_gfmis_report_431","GFMIS Report","account.model_account_account","account.field_account_account_code",5203010002,"5104010104 - บัญชีค่าวัสดุใช้ไป"
"map_gfmis_report_432","GFMIS Report","account.model_account_account","account.field_account_account_code",5203010003,"5104010104 - บัญชีค่าวัสดุใช้ไป"
"map_gfmis_report_433","GFMIS Report","account.model_account_account","account.field_account_account_code",5203010004,"5104010104 - บัญชีค่าวัสดุใช้ไป"
"map_gfmis_report_434","GFMIS Report","account.model_account_account","account.field_account_account_code",5203010005,"5104010104 - บัญชีค่าวัสดุใช้ไป"
"map_gfmis_report_435","GFMIS Report","account.model_account_account","account.field_account_account_code",5203010006,"5104010104 - บัญชีค่าวัสดุใช้ไป"
"map_gfmis_report_436","GFMIS Report","account.model_account_account","account.field_account_account_code",5203010007,"5104010104 - บัญชีค่าวัสดุใช้ไป"
"map_gfmis_report_437","GFMIS Report","account.model_account_account","account.field_account_account_code",5203010008,"5104010104 - บัญชีค่าวัสดุใช้ไป"
"map_gfmis_report_438","GFMIS Report","account.model_account_account","account.field_account_account_code",5203010009,"5104010104 - บัญชีค่าวัสดุใช้ไป"
"map_gfmis_report_439","GFMIS Report","account.model_account_account","account.field_account_account_code",5203010010,"5104010104 - บัญชีค่าวัสดุใช้ไป"
"map_gfmis_report_440","GFMIS Report","account.model_account_account","account.field_account_account_code",5203010011,"5104010104 - บัญชีค่าวัสดุใช้ไป"
"map_gfmis_report_441","GFMIS Report","account.model_account_account","account.field_account_account_code",5203010012,"5104010104 - บัญชีค่าวัสดุใช้ไป"
"map_gfmis_report_442","GFMIS Report","account.model_account_account","account.field_account_account_code",5203010013,"5104010104 - บัญชีค่าวัสดุใช้ไป"
"map_gfmis_report_443","GFMIS Report","account.model_account_account","account.field_account_account_code",5203010014,"5104010104 - บัญชีค่าวัสดุใช้ไป"
"map_gfmis_report_444","GFMIS Report","account.model_account_account","account.field_account_account_code",5203010015,"5104010104 - บัญชีค่าวัสดุใช้ไป"
"map_gfmis_report_445","GFMIS Report","account.model_account_account","account.field_account_account_code",5203010016,"5104010104 - บัญชีค่าวัสดุใช้ไป"
"map_gfmis_report_446","GFMIS Report","account.model_account_account","account.field_account_account_code",5203010017,"5104010104 - บัญชีค่าวัสดุใช้ไป"
"map_gfmis_report_447","GFMIS Report","account.model_account_account","account.field_account_account_code",5203010018,"5104010104 - บัญชีค่าวัสดุใช้ไป"
"map_gfmis_report_448","GFMIS Report","account.model_account_account","account.field_account_account_code",5203010019,"5104010104 - บัญชีค่าวัสดุใช้ไป"
"map_gfmis_report_449","GFMIS Report","account.model_account_account","account.field_account_account_code",5203019900,"5104010104 - บัญชีค่าวัสดุใช้ไป"
"map_gfmis_report_450","GFMIS Report","account.model_account_account","account.field_account_account_code",5203019901,"5104010104 - บัญชีค่าวัสดุใช้ไป"
"map_gfmis_report_451","GFMIS Report","account.model_account_account","account.field_account_account_code",5203020001,"5104010104 - บัญชีค่าวัสดุใช้ไป"
"map_gfmis_report_452","GFMIS Report","account.model_account_account","account.field_account_account_code",5204010001,"5104020101 - บัญชีค่าไฟฟ้า"
"map_gfmis_report_453","GFMIS Report","account.model_account_account","account.field_account_account_code",5204010002,"5104020103 - บัญชีค่าน้ำประปาและน้ำบาดาล"
"map_gfmis_report_454","GFMIS Report","account.model_account_account","account.field_account_account_code",5204010003,"5104020105 - บัญชีค่าโทรศัพท์"
"map_gfmis_report_455","GFMIS Report","account.model_account_account","account.field_account_account_code",5204010004,"5104020107 - บัญชีค่าบริการไปรษณีย์โทรเลข และขนส่ง"
"map_gfmis_report_456","GFMIS Report","account.model_account_account","account.field_account_account_code",5204010005,"5104020106 - บัญชีค่าบริการโทรคมนาคม"
"map_gfmis_report_457","GFMIS Report","account.model_account_account","account.field_account_account_code",5205010001,"5107010101 - บัญชีเงินอุดหนุนเพื่อการดำเนินงาน-หน่วยงานภาครัฐ"
"map_gfmis_report_458","GFMIS Report","account.model_account_account","account.field_account_account_code",5205010002,"5107010199 - บัญชีเงินอุดหนุนเพื่อการดำเนินงานอื่น"
"map_gfmis_report_459","GFMIS Report","account.model_account_account","account.field_account_account_code",5205010003,"5107010105 - บัญชีเงินอุดหนุนเพื่อการดำเนินงาน-ธุรกิจเอกชน"
"map_gfmis_report_460","GFMIS Report","account.model_account_account","account.field_account_account_code",5205010004,"5107010199 - บัญชีเงินอุดหนุนเพื่อการดำเนินงานอื่น"
"map_gfmis_report_461","GFMIS Report","account.model_account_account","account.field_account_account_code",5205010005,"5107010199 - บัญชีเงินอุดหนุนเพื่อการดำเนินงานอื่น"
"map_gfmis_report_462","GFMIS Report","account.model_account_account","account.field_account_account_code",5205010006,"5102010106 - บัญชีค่าใช้จ่ายทุนการศึกษา-ในประเทศ"
"map_gfmis_report_463","GFMIS Report","account.model_account_account","account.field_account_account_code",5205010007,"5102020105 - บัญชีค่าใช้จ่ายทุนการศึกษา-ต่างประเทศ"
"map_gfmis_report_464","GFMIS Report","account.model_account_account","account.field_account_account_code",5205019900,"5102010106 - บัญชีค่าใช้จ่ายทุนการศึกษา-ในประเทศ"
"map_gfmis_report_465","GFMIS Report","account.model_account_account","account.field_account_account_code",5206020001,"5104030299 - บัญชีค่าใช้สอยอื่นๆ"
"map_gfmis_report_466","GFMIS Report","account.model_account_account","account.field_account_account_code",5206020002,"5104030299 - บัญชีค่าใช้สอยอื่นๆ"
"map_gfmis_report_467","GFMIS Report","account.model_account_account","account.field_account_account_code",5206020003,"5104030299 - บัญชีค่าใช้สอยอื่นๆ"
"map_gfmis_report_468","GFMIS Report","account.model_account_account","account.field_account_account_code",5206020004,"5104030299 - บัญชีค่าใช้สอยอื่นๆ"
"map_gfmis_report_469","GFMIS Report","account.model_account_account","account.field_account_account_code",5206020005,"5104030299 - บัญชีค่าใช้สอยอื่นๆ"
"map_gfmis_report_470","GFMIS Report","account.model_account_account","account.field_account_account_code",5206020006,"5104030299 - บัญชีค่าใช้สอยอื่นๆ"
"map_gfmis_report_471","GFMIS Report","account.model_account_account","account.field_account_account_code",5206029900,"5104030299 - บัญชีค่าใช้สอยอื่นๆ"
"map_gfmis_report_472","GFMIS Report","account.model_account_account","account.field_account_account_code",5206030001,"5104030202 - บัญชีค่าจ้างที่ปรึกษา"
"map_gfmis_report_473","GFMIS Report","account.model_account_account","account.field_account_account_code",5206030002,"5104030202 - บัญชีค่าจ้างที่ปรึกษา"
"map_gfmis_report_474","GFMIS Report","account.model_account_account","account.field_account_account_code",5206040001,"5104030213 - บัญชีค่าตรวจสอบบัญชี- สำนักงานตรวจเงินแผ่นดิน"
"map_gfmis_report_475","GFMIS Report","account.model_account_account","account.field_account_account_code",5206040002,"5104010112 - บัญชีค่าจ้างเหมาบริการ - บุคคลภายนอก"
"map_gfmis_report_476","GFMIS Report","account.model_account_account","account.field_account_account_code",5206050001,"5104030299 - บัญชีค่าใช้สอยอื่นๆ"
"map_gfmis_report_477","GFMIS Report","account.model_account_account","account.field_account_account_code",5206060001,"5212010199 - บัญชีค่าใช้จ่ายอื่น"
"map_gfmis_report_478","GFMIS Report","account.model_account_account","account.field_account_account_code",5206060002,"5212010199 - บัญชีค่าใช้จ่ายอื่น"
"map_gfmis_report_479","GFMIS Report","account.model_account_account","account.field_account_account_code",5207010001,"5105010160 - บัญชีค่าเสื่อมราคา - ครุภัณฑ์   INTERFACE"
"map_gfmis_report_480","GFMIS Report","account.model_account_account","account.field_account_account_code",5207010002,"5105010160 - บัญชีค่าเสื่อมราคา - ครุภัณฑ์   INTERFACE"
"map_gfmis_report_481","GFMIS Report","account.model_account_account","account.field_account_account_code",5207010003,"5105010160 - บัญชีค่าเสื่อมราคา - ครุภัณฑ์   INTERFACE"
"map_gfmis_report_482","GFMIS Report","account.model_account_account","account.field_account_account_code",5207010004,"5105010160 - บัญชีค่าเสื่อมราคา - ครุภัณฑ์   INTERFACE"
"map_gfmis_report_483","GFMIS Report","account.model_account_account","account.field_account_account_code",5207010005,"5105010160 - บัญชีค่าเสื่อมราคา - ครุภัณฑ์   INTERFACE"
"map_gfmis_report_484","GFMIS Report","account.model_account_account","account.field_account_account_code",5207010006,"5105010160 - บัญชีค่าเสื่อมราคา - ครุภัณฑ์   INTERFACE"
"map_gfmis_report_485","GFMIS Report","account.model_account_account","account.field_account_account_code",5207010007,"5105010160 - บัญชีค่าเสื่อมราคา - ครุภัณฑ์   INTERFACE"
"map_gfmis_report_486","GFMIS Report","account.model_account_account","account.field_account_account_code",5207010008,"5105010161 - บัญชีค่าเสื่อมราคา - ครุภัณฑ์   INTERFACE"
"map_gfmis_report_487","GFMIS Report","account.model_account_account","account.field_account_account_code",5207010009,"5105010161 - บัญชีค่าเสื่อมราคา - ครุภัณฑ์   INTERFACE"
"map_gfmis_report_488","GFMIS Report","account.model_account_account","account.field_account_account_code",5207010010,"5105010161 - บัญชีค่าเสื่อมราคา - ครุภัณฑ์   INTERFACE"
"map_gfmis_report_489","GFMIS Report","account.model_account_account","account.field_account_account_code",5207010011,"5105010161 - บัญชีค่าเสื่อมราคา - ครุภัณฑ์   INTERFACE"
"map_gfmis_report_490","GFMIS Report","account.model_account_account","account.field_account_account_code",5207010012,"5105010161 - บัญชีค่าเสื่อมราคา - ครุภัณฑ์   INTERFACE"
"map_gfmis_report_491","GFMIS Report","account.model_account_account","account.field_account_account_code",5207010013,"5105010161 - บัญชีค่าเสื่อมราคา - ครุภัณฑ์   INTERFACE"
"map_gfmis_report_492","GFMIS Report","account.model_account_account","account.field_account_account_code",5207010014,"5105010161 - บัญชีค่าเสื่อมราคา - ครุภัณฑ์   INTERFACE"
"map_gfmis_report_493","GFMIS Report","account.model_account_account","account.field_account_account_code",5207010015,"5105010161 - บัญชีค่าเสื่อมราคา - ครุภัณฑ์   INTERFACE"
"map_gfmis_report_494","GFMIS Report","account.model_account_account","account.field_account_account_code",5207010016,"5105010161 - บัญชีค่าเสื่อมราคา - ครุภัณฑ์   INTERFACE"
"map_gfmis_report_495","GFMIS Report","account.model_account_account","account.field_account_account_code",5207010017,"5105010161 - บัญชีค่าเสื่อมราคา - ครุภัณฑ์   INTERFACE"
"map_gfmis_report_496","GFMIS Report","account.model_account_account","account.field_account_account_code",5207010018,"5105010164 - ค่าตัดจำหน่าย-สินทรัพย์ไม่มีตัวตน INTERFACE"
"map_gfmis_report_497","GFMIS Report","account.model_account_account","account.field_account_account_code",5207010019,"5105010161 - บัญชีค่าเสื่อมราคา - ครุภัณฑ์   INTERFACE"
"map_gfmis_report_498","GFMIS Report","account.model_account_account","account.field_account_account_code",5207019900,"5105010160 - บัญชีค่าเสื่อมราคา - ครุภัณฑ์   INTERFACE"
"map_gfmis_report_499","GFMIS Report","account.model_account_account","account.field_account_account_code",5207019901,"5105010160 - บัญชีค่าเสื่อมราคา - ครุภัณฑ์   INTERFACE"
"map_gfmis_report_500","GFMIS Report","account.model_account_account","account.field_account_account_code",5207019902,"5105010160 - บัญชีค่าเสื่อมราคา - ครุภัณฑ์   INTERFACE"
"map_gfmis_report_501","GFMIS Report","account.model_account_account","account.field_account_account_code",5207019903,"5105010160 - บัญชีค่าเสื่อมราคา - ครุภัณฑ์   INTERFACE"
"map_gfmis_report_502","GFMIS Report","account.model_account_account","account.field_account_account_code",5207019904,"5105010160 - บัญชีค่าเสื่อมราคา - ครุภัณฑ์   INTERFACE"
"map_gfmis_report_503","GFMIS Report","account.model_account_account","account.field_account_account_code",5207019905,"5105010160 - บัญชีค่าเสื่อมราคา - ครุภัณฑ์   INTERFACE"
"map_gfmis_report_504","GFMIS Report","account.model_account_account","account.field_account_account_code",5207019906,"5105010160 - บัญชีค่าเสื่อมราคา - ครุภัณฑ์   INTERFACE"
"map_gfmis_report_505","GFMIS Report","account.model_account_account","account.field_account_account_code",5207019907,"5105010161 - บัญชีค่าเสื่อมราคา - ครุภัณฑ์   INTERFACE"
"map_gfmis_report_506","GFMIS Report","account.model_account_account","account.field_account_account_code",5207019908,"5105010161 - บัญชีค่าเสื่อมราคา - ครุภัณฑ์   INTERFACE"
"map_gfmis_report_507","GFMIS Report","account.model_account_account","account.field_account_account_code",5207019909,"5105010161 - บัญชีค่าเสื่อมราคา - ครุภัณฑ์   INTERFACE"
"map_gfmis_report_508","GFMIS Report","account.model_account_account","account.field_account_account_code",5207019910,"5105010161 - บัญชีค่าเสื่อมราคา - ครุภัณฑ์   INTERFACE"
"map_gfmis_report_509","GFMIS Report","account.model_account_account","account.field_account_account_code",5207019911,"5105010161 - บัญชีค่าเสื่อมราคา - ครุภัณฑ์   INTERFACE"
"map_gfmis_report_510","GFMIS Report","account.model_account_account","account.field_account_account_code",5207019912,"5105010161 - บัญชีค่าเสื่อมราคา - ครุภัณฑ์   INTERFACE"
"map_gfmis_report_511","GFMIS Report","account.model_account_account","account.field_account_account_code",5207019913,"5105010161 - บัญชีค่าเสื่อมราคา - ครุภัณฑ์   INTERFACE"
"map_gfmis_report_512","GFMIS Report","account.model_account_account","account.field_account_account_code",5207019914,"5105010161 - บัญชีค่าเสื่อมราคา - ครุภัณฑ์   INTERFACE"
"map_gfmis_report_513","GFMIS Report","account.model_account_account","account.field_account_account_code",5207019915,"5105010161 - บัญชีค่าเสื่อมราคา - ครุภัณฑ์   INTERFACE"
"map_gfmis_report_514","GFMIS Report","account.model_account_account","account.field_account_account_code",5207019916,"5105010161 - บัญชีค่าเสื่อมราคา - ครุภัณฑ์   INTERFACE"
"map_gfmis_report_515","GFMIS Report","account.model_account_account","account.field_account_account_code",5207019917,"5105010164 - ค่าตัดจำหน่าย-สินทรัพย์ไม่มีตัวตน INTERFACE"
"map_gfmis_report_516","GFMIS Report","account.model_account_account","account.field_account_account_code",5301010001,"5204010102 - บัญชีขาดทุนที่เกิดขึ้นแล้วของเงินลงทุน"
